,ID,Cluster
0,766192484,3
1,766192485,3
2,766192486,0
3,766192487,0
4,766192488,0
5,766192489,3
6,766192490,0
7,766192491,0
8,766192492,0
9,766192493,0
10,766192494,0
11,766192495,0
12,766192496,3
13,766192497,0
14,766192498,3
15,766192499,0
16,766192500,0
17,766192501,0
18,766192502,0
19,766192503,3
20,766192504,0
21,766192505,3
22,766192506,0
23,766192507,0
24,766192508,0
25,766192509,0
26,766192510,0
27,766192511,0
28,766192512,0
29,766192513,0
30,766192514,0
31,766192515,0
32,766192516,3
33,766192517,0
34,766192518,0
35,766192519,0
36,766192520,0
37,766192521,0
38,766192522,0
39,766192523,0
40,766192524,0
41,766192525,0
42,766192526,0
43,766192527,3
44,766192528,0
45,766192529,2
46,766192530,3
47,766192531,0
48,766192532,0
49,766192533,3
50,766192534,0
51,766192535,0
52,766192536,0
53,766192537,0
54,766192538,0
55,766192539,0
56,766192540,0
57,766192541,0
58,766192542,3
59,766192543,0
60,766192544,0
61,766192545,0
62,766192546,0
63,766192547,0
64,766192548,3
65,766192549,0
66,766192550,3
67,766192551,3
68,766192552,3
69,766192553,0
70,766192554,0
71,766192555,0
72,766192556,3
73,766192557,0
74,766192558,3
75,766192559,0
76,766192560,3
77,766192561,0
78,766192562,3
79,766192563,0
80,766192564,0
81,766192565,0
82,766192566,0
83,766192567,0
84,766192568,0
85,766192569,0
86,766192570,3
87,766192571,3
88,766192572,0
89,766192573,0
90,766192574,3
91,766192575,0
92,766192576,3
93,766192577,0
94,766192578,3
95,766192579,0
96,766192580,3
97,766192581,3
98,766192582,0
99,766192583,3
100,766192585,3
101,766192586,0
102,766192587,0
103,766192588,0
104,766192589,3
105,766192590,0
106,766192591,0
107,766192592,3
108,766192593,0
109,766192594,3
110,766192595,3
111,766192596,0
112,766192597,3
113,766192598,0
114,766192599,0
115,766192600,0
116,766192601,3
117,766192602,3
118,766192603,0
119,766192604,3
120,766192605,0
121,766192606,0
122,766192607,0
123,766192608,0
124,766192609,0
125,766192610,0
126,766192611,0
127,766192612,0
128,766192613,3
129,766192614,0
130,766192615,0
131,766192616,0
132,766192617,0
133,766192618,0
134,766192619,0
135,766192620,0
136,766192621,0
137,766192622,0
138,766192623,0
139,766192624,0
140,766192625,0
141,766192626,0
142,766192627,0
143,766192628,0
144,766192629,3
145,766192630,0
146,766192631,0
147,766192632,0
148,766192633,0
149,766192634,0
150,766192635,0
151,766192636,0
152,766192637,0
153,766192638,0
154,766192639,1
155,766192640,2
156,766192641,3
157,766192642,0
158,766192643,0
159,766192644,3
160,766192645,3
161,766192646,3
162,766192647,0
163,766192648,0
164,766192649,0
165,766192650,0
166,766192651,0
167,766192652,3
168,766192653,0
169,766192654,0
170,766192655,3
171,766192656,0
172,766192657,0
173,766192658,3
174,766192659,0
175,766192660,0
176,766192661,0
177,766192662,3
178,766192663,0
179,766192664,0
180,766192665,3
181,766192666,3
182,766192667,0
183,766192668,0
184,766192669,3
185,766192670,3
186,766192671,0
187,766192672,0
188,766192673,3
189,766192674,0
190,766192675,0
191,766192676,0
192,766192677,0
193,766192678,0
194,766192679,3
195,766192680,0
196,766192681,0
197,766192682,0
198,766192683,0
199,766192684,3
200,766192685,3
201,766192686,0
202,766192687,3
203,766192688,0
204,766192689,0
205,766192690,3
206,766192691,0
207,766192692,0
208,766192693,0
209,766192694,0
210,766192695,0
211,766192696,3
212,766192697,0
213,766192698,3
214,766192699,3
215,766192700,0
216,766192701,0
217,766192702,0
218,766192703,0
219,766192704,0
220,766192705,0
221,766192706,0
222,766192707,0
223,766192708,0
224,766192709,3
225,766192710,0
226,766192711,0
227,766192712,0
228,766192713,0
229,766192714,1
230,766192715,3
231,766192716,3
232,766192717,3
233,766192718,3
234,766192719,0
235,766192720,0
236,766192721,0
237,766192722,3
238,766192723,0
239,766192724,0
240,766192725,0
241,766192726,0
242,766192727,3
243,766192728,0
244,766192729,0
245,766192730,3
246,766192731,0
247,766192732,0
248,766192733,0
249,766192734,0
250,766192735,0
251,766192736,3
252,766192737,0
253,766192738,0
254,766192739,0
255,766192740,0
256,766192741,0
257,766192742,0
258,766192743,0
259,766192744,3
260,766192745,3
261,766192746,0
262,766192747,0
263,766192748,0
264,766192749,0
265,766192750,3
266,766192751,0
267,766192752,3
268,766192753,0
269,766192754,0
270,766192755,0
271,766192756,0
272,766192757,2
273,766192758,0
274,766192759,3
275,766192760,0
276,766192761,0
277,766192762,3
278,766192763,3
279,766192764,0
280,766192765,3
281,766192766,0
282,766192767,0
283,766192768,3
284,766192769,3
285,766192770,0
286,766192771,0
287,766192772,3
288,766192773,0
289,766192774,3
290,766192775,3
291,766192776,0
292,766192777,0
293,766192778,0
294,766192779,0
295,766192780,0
296,766192781,0
297,766192782,0
298,766192783,0
299,766192784,0
300,766192785,0
301,766192786,3
302,766192787,0
303,766192788,3
304,766192789,3
305,766192790,0
306,766192791,3
307,766192792,0
308,766192793,0
309,766192794,0
310,766192795,0
311,766192796,0
312,766192797,0
313,766192798,3
314,766192799,0
315,766192800,3
316,766192801,3
317,766192802,3
318,766192803,0
319,766192804,0
320,766192805,0
321,766192806,0
322,766192807,0
323,766192808,3
324,766192809,0
325,766192810,3
326,766192811,0
327,766192812,0
328,766192813,3
329,766192814,0
330,766192815,3
331,766192816,0
332,766192817,0
333,766192818,3
334,766192819,0
335,766192820,3
336,766192821,3
337,766192822,0
338,766192823,0
339,766192824,0
340,766192825,0
341,766192826,0
342,766192827,0
343,766192828,0
344,766192829,3
345,766192830,0
346,766192831,3
347,766192832,0
348,766192833,0
349,766192834,0
350,766192835,3
351,766192836,0
352,766192837,0
353,766192838,0
354,766192839,3
355,766192840,3
356,766192841,0
357,766192842,0
358,766192843,3
359,766192844,3
360,766192845,3
361,766192846,0
362,766192847,0
363,766192848,0
364,766192849,0
365,766192850,0
366,766192851,0
367,766192852,0
368,766192853,2
369,766192854,0
370,766192855,0
371,766192856,0
372,766192857,3
373,766192858,3
374,766192859,0
375,766192860,3
376,766192861,0
377,766192862,0
378,766192863,0
379,766192864,0
380,766192865,3
381,766192866,3
382,766192867,0
383,766192868,0
384,766192869,0
385,766192870,3
386,766192871,0
387,766192872,0
388,766192873,3
389,766192874,0
390,766192875,0
391,766192876,0
392,766192877,0
393,766192878,0
394,766192879,3
395,766192880,3
396,766192881,0
397,766192882,3
398,766192883,0
399,766192884,0
400,766192885,0
401,766192886,0
402,766192887,0
403,766192888,0
404,766192889,3
405,766192890,0
406,766192891,3
407,766192892,3
408,766192893,0
409,766192894,3
410,766192895,0
411,766192896,3
412,766192897,0
413,766192898,0
414,766192899,0
415,766192900,0
416,766192901,3
417,766192902,3
418,766192903,2
419,766192904,2
420,766192905,0
421,766192906,0
422,766192907,0
423,766192908,0
424,766192909,0
425,766192910,0
426,766192911,0
427,766192912,0
428,766192913,0
429,766192914,3
430,766192915,0
431,766192916,3
432,766192917,3
433,766192918,3
434,766192919,3
435,766192920,0
436,766192921,0
437,766192922,0
438,766192923,3
439,766192924,0
440,766192925,0
441,766192926,0
442,766192927,3
443,766192928,0
444,766192929,3
445,766192930,0
446,766192931,0
447,766192932,0
448,766192933,3
449,766192934,3
450,766192935,0
451,766192936,0
452,766192937,3
453,766192938,0
454,766192939,1
455,766192940,0
456,766192941,0
457,766192942,3
458,766192943,0
459,766192944,1
460,766192945,0
461,766192946,0
462,766192947,0
463,766192948,3
464,766192949,0
465,766192950,3
466,766192951,0
467,766192952,0
468,766192953,3
469,766192954,0
470,766192955,0
471,766192956,3
472,766192957,0
473,766192958,0
474,766192959,0
475,766192960,0
476,766192961,3
477,766192962,3
478,766192963,0
479,766192964,0
480,766192965,0
481,766192966,3
482,766192967,0
483,766192968,0
484,766192969,0
485,766192970,0
486,766192971,3
487,766192972,0
488,766192973,0
489,766192974,3
490,766192975,3
491,766192976,0
492,766192977,0
493,766192978,0
494,766192979,0
495,766192980,3
496,766192981,3
497,766192982,0
498,766192983,0
499,766192984,3
500,766192985,3
501,766192986,3
502,766192987,0
503,766192988,0
504,766192989,0
505,766192990,0
506,766192991,3
507,766192992,0
508,766192993,0
509,766192994,0
510,766192995,3
511,766192996,0
512,766192997,3
513,766192998,3
514,766192999,3
515,766193000,0
516,766193001,0
517,766193002,0
518,766193003,0
519,766193004,0
520,766193005,0
521,766193006,0
522,766193007,0
523,766193008,0
524,766193009,0
525,766193010,3
526,766193011,3
527,766193012,0
528,766193013,3
529,766193014,0
530,766193015,3
531,766193016,3
532,766193017,0
533,766193018,0
534,766193019,3
535,766193020,3
536,766193021,0
537,766193022,0
538,766193023,0
539,766193024,3
540,766193025,0
541,766193026,0
542,766193027,0
543,766193028,0
544,766193029,0
545,766193030,0
546,766193031,0
547,766193032,0
548,766193033,3
549,766193034,3
550,766193035,0
551,766193036,0
552,766193037,0
553,766193038,0
554,766193039,0
555,766193040,0
556,766193041,3
557,766193042,3
558,766193043,0
559,766193044,3
560,766193045,0
561,766193046,0
562,766193047,0
563,766193048,3
564,766193049,0
565,766193050,0
566,766193051,0
567,766193052,3
568,766193053,0
569,766193054,0
570,766193055,0
571,766193056,3
572,766193057,0
573,766193058,0
574,766193059,0
575,766193060,0
576,766193061,0
577,766193062,0
578,766193063,0
579,766193064,3
580,766193065,0
581,766193066,0
582,766193067,0
583,766193068,0
584,766193069,0
585,766193070,0
586,766193071,0
587,766193072,3
588,766193073,0
589,766193074,0
590,766193075,0
591,766193076,0
592,766193077,3
593,766193078,3
594,766193079,0
595,766193080,0
596,766193081,3
597,766193082,0
598,766193083,0
599,766193084,0
600,766193085,3
601,766193086,0
602,766193087,3
603,766193088,0
604,766193089,0
605,766193090,0
606,766193091,0
607,766193092,3
608,766193093,0
609,766193094,0
610,766193095,0
611,766193096,0
612,766193097,0
613,766193098,0
614,766193099,3
615,766193100,3
616,766193101,0
617,766193102,0
618,766193103,3
619,766193104,0
620,766193105,0
621,766193106,0
622,766193107,0
623,766193108,0
624,766193109,0
625,766193110,0
626,766193111,0
627,766193112,0
628,766193113,0
629,766193114,3
630,766193115,0
631,766193116,3
632,766193117,0
633,766193118,3
634,766193119,0
635,766193120,3
636,766193121,0
637,766193122,3
638,766193123,0
639,766193124,0
640,766193125,0
641,766193126,0
642,766193127,3
643,766193128,0
644,766193129,3
645,766193130,0
646,766193131,3
647,766193132,0
648,766193133,3
649,766193134,1
650,766193135,3
651,766193136,0
652,766193137,0
653,766193138,0
654,766193139,3
655,766193140,0
656,766193141,3
657,766193142,0
658,766193143,0
659,766193144,0
660,766193145,0
661,766193146,3
662,766193147,0
663,766193148,0
664,766193149,3
665,766193150,0
666,766193151,3
667,766193152,0
668,766193153,3
669,766193154,3
670,766193155,0
671,766193156,3
672,766193157,0
673,766193158,0
674,766193159,3
675,766193160,0
676,766193161,0
677,766193162,3
678,766193163,0
679,766193164,0
680,766193165,0
681,766193166,3
682,766193167,3
683,766193168,0
684,766193169,0
685,766193170,3
686,766193171,0
687,766193172,0
688,766193173,3
689,766193174,2
690,766193175,0
691,766193176,3
692,766193177,3
693,766193178,0
694,766193179,3
695,766193180,0
696,766193181,0
697,766193182,0
698,766193183,0
699,766193184,0
700,766193185,0
701,766193186,0
702,766193187,0
703,766193188,0
704,766193189,0
705,766193190,3
706,766193191,2
707,766193192,0
708,766193193,0
709,766193194,0
710,766193195,0
711,766193196,1
712,766193197,0
713,766193198,0
714,766193199,0
715,766193200,0
716,766193201,3
717,766193202,0
718,766193203,0
719,766193204,0
720,766193205,0
721,766193206,0
722,766193207,3
723,766193208,0
724,766193209,0
725,766193210,0
726,766193211,0
727,766193212,0
728,766193213,3
729,766193214,3
730,766193215,0
731,766193216,2
732,766193217,0
733,766193218,0
734,766193219,0
735,766193220,0
736,766193221,0
737,766193222,3
738,766193223,0
739,766193224,0
740,766193225,0
741,766193226,0
742,766193227,0
743,766193228,3
744,766193229,0
745,766193230,3
746,766193231,0
747,766193232,3
748,766193233,0
749,766193234,0
750,766193235,0
751,766193236,3
752,766193237,0
753,766193238,0
754,766193239,0
755,766193240,0
756,766193241,0
757,766193242,0
758,766193243,0
759,766193244,0
760,766193245,3
761,766193246,0
762,766193247,3
763,766193248,3
764,766193249,3
765,766193250,0
766,766193251,0
767,766193252,3
768,766193253,0
769,766193254,0
770,766193255,0
771,766193256,3
772,766193257,0
773,766193258,3
774,766193259,3
775,766193260,3
776,766193261,0
777,766193262,0
778,766193263,0
779,766193264,0
780,766193265,0
781,766193266,0
782,766193267,0
783,766193268,0
784,766193269,0
785,766193270,0
786,766193271,3
787,766193272,0
788,766193273,0
789,766193274,3
790,766193275,0
791,766193276,0
792,766193277,0
793,766193278,0
794,766193279,0
795,766193280,0
796,766193281,0
797,766193282,0
798,766193283,0
799,766193284,0
800,766193285,0
801,766193286,2
802,766193287,0
803,766193288,3
804,766193289,0
805,766193290,0
806,766193291,0
807,766193292,0
808,766193293,0
809,766193294,0
810,766193295,0
811,766193296,0
812,766193297,0
813,766193298,0
814,766193299,3
815,766193300,0
816,766193301,0
817,766193302,3
818,766193303,0
819,766193304,3
820,766193305,0
821,766193306,0
822,766193307,2
823,766193308,3
824,766193309,3
825,766193310,3
826,766193311,0
827,766193312,0
828,766193313,3
829,766193314,3
830,766193315,0
831,766193316,3
832,766193317,0
833,766193318,0
834,766193319,0
835,766193320,0
836,766193321,0
837,766193322,0
838,766193323,0
839,766193324,3
840,766193325,0
841,766193326,0
842,766193327,0
843,766193328,0
844,766193329,0
845,766193330,0
846,766193331,0
847,766193332,0
848,766193333,0
849,766193334,0
850,766193335,0
851,766193336,3
852,766193337,3
853,766193338,0
854,766193339,3
855,766193340,0
856,766193341,3
857,766193342,3
858,766193343,0
859,766193344,0
860,766193345,0
861,766193346,0
862,766193347,0
863,766193348,0
864,766193349,0
865,766193350,0
866,766193351,0
867,766193352,0
868,766193353,3
869,766193354,0
870,766193355,0
871,766193356,3
872,766193357,0
873,766193358,0
874,766193359,0
875,766193360,0
876,766193361,0
877,766193362,3
878,766193363,3
879,766193364,0
880,766193365,0
881,766193366,0
882,766193367,1
883,766193368,0
884,766193369,3
885,766193370,3
886,766193371,3
887,766193372,3
888,766193373,0
889,766193374,0
890,766193375,0
891,766193376,0
892,766193377,0
893,766193378,0
894,766193379,0
895,766193380,3
896,766193381,3
897,766193382,0
898,766193383,0
899,766193384,0
900,766193385,3
901,766193386,0
902,766193387,3
903,766193388,0
904,766193389,0
905,766193390,0
906,766193391,0
907,766193392,3
908,766193393,0
909,766193394,0
910,766193395,3
911,766193396,0
912,766193397,0
913,766193398,0
914,766193399,0
915,766193400,0
916,766193401,2
917,766193402,0
918,766193403,0
919,766193404,0
920,766193405,0
921,766193406,0
922,766193407,0
923,766193408,3
924,766193409,3
925,766193410,3
926,766193411,3
927,766193412,0
928,766193413,0
929,766193414,0
930,766193415,3
931,766193416,0
932,766193417,3
933,766193418,0
934,766193419,0
935,766193420,0
936,766193421,3
937,766193422,3
938,766193423,3
939,766193424,0
940,766193425,3
941,766193426,3
942,766193427,0
943,766193428,3
944,766193429,0
945,766193430,0
946,766193431,0
947,766193432,0
948,766193433,3
949,766193434,0
950,766193435,3
951,766193436,0
952,766193437,2
953,766193438,3
954,766193439,3
955,766193440,3
956,766193441,0
957,766193442,0
958,766193443,0
959,766193444,0
960,766193445,0
961,766193446,3
962,766193447,3
963,766193448,3
964,766193449,0
965,766193450,0
966,766193451,0
967,766193452,0
968,766193453,0
969,766193454,0
970,766193455,3
971,766193456,0
972,766193457,0
973,766193458,3
974,766193459,0
975,766193460,0
976,766193461,0
977,766193462,0
978,766193463,0
979,766193464,0
980,766193465,3
981,766193466,0
982,766193467,3
983,766193468,3
984,766193469,0
985,766193470,0
986,766193471,0
987,766193472,0
988,766193473,0
989,766193474,0
990,766193475,0
991,766193476,0
992,766193477,0
993,766193478,0
994,766193479,0
995,766193480,0
996,766193481,3
997,766193482,0
998,766193483,3
999,766193484,0
1000,766193485,0
1001,766193486,0
1002,766193487,0
1003,766193488,3
1004,766193489,3
1005,766193490,0
1006,766193491,3
1007,766193492,0
1008,766193493,0
1009,766193494,0
1010,766193495,0
1011,766193496,3
1012,766193497,0
1013,766193498,0
1014,766193499,0
1015,766193500,3
1016,766193501,0
1017,766193502,0
1018,766193503,3
1019,766193504,3
1020,766193505,3
1021,766193506,0
1022,766193507,0
1023,766193508,0
1024,766193509,0
1025,766193510,0
1026,766193511,3
1027,766193512,0
1028,766193513,3
1029,766193514,0
1030,766193515,3
1031,766193516,0
1032,766193517,0
1033,766193518,0
1034,766193519,3
1035,766193520,3
1036,766193521,0
1037,766193522,3
1038,766193523,0
1039,766193524,0
1040,766193525,3
1041,766193526,0
1042,766193527,0
1043,766193528,3
1044,766193529,0
1045,766193530,0
1046,766193531,3
1047,766193532,0
1048,766193533,0
1049,766193534,3
1050,766193535,0
1051,766193536,3
1052,766193537,0
1053,766193538,0
1054,766193539,0
1055,766193540,3
1056,766193541,0
1057,766193542,0
1058,766193543,0
1059,766193544,1
1060,766193545,3
1061,766193546,0
1062,766193547,0
1063,766193548,0
1064,766193549,0
1065,766193550,0
1066,766193551,3
1067,766193552,0
1068,766193553,0
1069,766193554,0
1070,766193555,3
1071,766193556,0
1072,766193557,3
1073,766193558,0
1074,766193559,0
1075,766193560,0
1076,766193561,3
1077,766193562,3
1078,766193563,0
1079,766193564,0
1080,766193565,0
1081,766193566,0
1082,766193567,0
1083,766193568,0
1084,766193569,0
1085,766193570,0
1086,766193571,0
1087,766193572,3
1088,766193573,0
1089,766193574,0
1090,766193575,0
1091,766193576,0
1092,766193577,0
1093,766193578,0
1094,766193579,0
1095,766193580,0
1096,766193581,0
1097,766193582,0
1098,766193583,0
1099,766193584,0
1100,766193585,0
1101,766193586,3
1102,766193587,0
1103,766193588,0
1104,766193589,0
1105,766193590,0
1106,766193591,0
1107,766193592,0
1108,766193593,0
1109,766193594,0
1110,766193595,0
1111,766193596,0
1112,766193597,0
1113,766193598,3
1114,766193599,0
1115,766193600,3
1116,766193601,0
1117,766193602,3
1118,766193603,0
1119,766193604,3
1120,766193605,3
1121,766193606,0
1122,766193607,0
1123,766193608,0
1124,766193609,2
1125,766193610,0
1126,766193611,3
1127,766193612,0
1128,766193613,3
1129,766193614,0
1130,766193615,3
1131,766193616,0
1132,766193617,3
1133,766193618,3
1134,766193619,0
1135,766193620,0
1136,766193621,0
1137,766193622,0
1138,766193623,0
1139,766193624,0
1140,766193625,0
1141,766193626,0
1142,766193627,3
1143,766193628,0
1144,766193629,0
1145,766193630,0
1146,766193631,0
1147,766193632,3
1148,766193633,0
1149,766193634,3
1150,766193635,0
1151,766193636,0
1152,766193637,3
1153,766193638,3
1154,766193639,0
1155,766193640,0
1156,766193641,0
1157,766193642,0
1158,766193643,3
1159,766193644,0
1160,766193645,0
1161,766193646,3
1162,766193647,0
1163,766193648,0
1164,766193649,0
1165,766193650,0
1166,766193651,3
1167,766193652,3
1168,766193653,0
1169,766193654,0
1170,766193655,0
1171,766193656,0
1172,766193657,0
1173,766193658,0
1174,766193659,0
1175,766193660,0
1176,766193661,3
1177,766193662,0
1178,766193663,3
1179,766193664,0
1180,766193665,0
1181,766193666,0
1182,766193667,0
1183,766193668,0
1184,766193669,0
1185,766193670,0
1186,766193671,0
1187,766193672,0
1188,766193673,0
1189,766193674,3
1190,766193675,0
1191,766193676,0
1192,766193677,0
1193,766193678,0
1194,766193679,0
1195,766193680,0
1196,766193681,3
1197,766193682,0
1198,766193683,0
1199,766193684,0
1200,766193685,3
1201,766193686,3
1202,766193687,2
1203,766193688,0
1204,766193689,3
1205,766193690,0
1206,766193691,3
1207,766193692,0
1208,766193693,3
1209,766193694,0
1210,766193695,0
1211,766193696,1
1212,766193697,0
1213,766193698,0
1214,766193699,3
1215,766193700,0
1216,766193701,3
1217,766193702,0
1218,766193703,0
1219,766193704,0
1220,766193705,0
1221,766193706,3
1222,766193707,0
1223,766193708,3
1224,766193709,0
1225,766193710,0
1226,766193711,0
1227,766193712,0
1228,766193713,0
1229,766193714,0
1230,766193715,0
1231,766193716,0
1232,766193717,0
1233,766193718,0
1234,766193719,0
1235,766193720,3
1236,766193721,3
1237,766193722,3
1238,766193723,0
1239,766193724,0
1240,766193725,0
1241,766193726,3
1242,766193727,0
1243,766193728,0
1244,766193729,2
1245,766193730,0
1246,766193731,3
1247,766193732,0
1248,766193733,0
1249,766193734,3
1250,766193735,0
1251,766193736,3
1252,766193737,0
1253,766193738,0
1254,766193739,0
1255,766193740,3
1256,766193741,0
1257,766193742,0
1258,766193743,0
1259,766193744,0
1260,766193745,0
1261,766193746,0
1262,766193747,0
1263,766193748,3
1264,766193749,3
1265,766193750,0
1266,766193751,0
1267,766193752,0
1268,766193753,0
1269,766193754,0
1270,766193755,3
1271,766193756,0
1272,766193757,0
1273,766193758,0
1274,766193759,3
1275,766193760,0
1276,766193761,0
1277,766193762,0
1278,766193763,0
1279,766193764,0
1280,766193765,0
1281,766193766,0
1282,766193767,0
1283,766193768,0
1284,766193769,0
1285,766193770,0
1286,766193771,3
1287,766193772,0
1288,766193773,3
1289,766193774,0
1290,766193775,0
1291,766193776,0
1292,766193777,0
1293,766193778,3
1294,766193779,0
1295,766193780,0
1296,766193781,3
1297,766193782,0
1298,766193783,3
1299,766193784,0
1300,766193785,0
1301,766193786,3
1302,766193787,0
1303,766193788,0
1304,766193789,3
1305,766193790,0
1306,766193791,0
1307,766193792,3
1308,766193793,3
1309,766193794,3
1310,766193795,0
1311,766193796,0
1312,766193797,3
1313,766193798,0
1314,766193799,0
1315,766193800,3
1316,766193801,3
1317,766193802,0
1318,766193803,3
1319,766193804,0
1320,766193805,0
1321,766193806,3
1322,766193807,0
1323,766193808,3
1324,766193809,0
1325,766193810,0
1326,766193811,0
1327,766193812,3
1328,766193813,0
1329,766193814,0
1330,766193815,0
1331,766193816,3
1332,766193817,0
1333,766193818,0
1334,766193819,0
1335,766193820,0
1336,766193821,0
1337,766193822,0
1338,766193823,3
1339,766193824,0
1340,766193825,0
1341,766193826,0
1342,766193827,3
1343,766193828,3
1344,766193829,0
1345,766193830,3
1346,766193831,0
1347,766193832,0
1348,766193833,0
1349,766193834,0
1350,766193835,0
1351,766193836,0
1352,766193837,0
1353,766193838,0
1354,766193839,0
1355,766193840,0
1356,766193841,0
1357,766193842,3
1358,766193843,0
1359,766193844,3
1360,766193845,0
1361,766193846,0
1362,766193847,3
1363,766193848,0
1364,766193849,0
1365,766193850,0
1366,766193851,3
1367,766193852,0
1368,766193853,0
1369,766193854,3
1370,766193855,0
1371,766193856,0
1372,766193857,3
1373,766193858,0
1374,766193859,0
1375,766193860,3
1376,766193861,3
1377,766193862,3
1378,766193863,0
1379,766193864,0
1380,766193865,3
1381,766193866,0
1382,766193867,0
1383,766193868,1
1384,766193869,0
1385,766193870,0
1386,766193871,0
1387,766193872,3
1388,766193873,0
1389,766193874,0
1390,766193875,0
1391,766193876,0
1392,766193877,0
1393,766193878,0
1394,766193879,0
1395,766193880,0
1396,766193881,0
1397,766193882,0
1398,766193883,0
1399,766193884,0
1400,766193885,0
1401,766193886,3
1402,766193887,0
1403,766193888,0
1404,766193889,0
1405,766193890,3
1406,766193891,0
1407,766193892,3
1408,766193893,0
1409,766193894,0
1410,766193895,0
1411,766193896,0
1412,766193897,0
1413,766193898,3
1414,766193899,3
1415,766193900,0
1416,766193901,3
1417,766193902,3
1418,766193903,3
1419,766193904,0
1420,766193905,0
1421,766193906,0
1422,766193907,0
1423,766193908,3
1424,766193909,3
1425,766193910,3
1426,766193911,3
1427,766193912,3
1428,766193913,0
1429,766193914,0
1430,766193915,0
1431,766193916,0
1432,766193917,0
1433,766193918,3
1434,766193919,0
1435,766193920,3
1436,766193921,0
1437,766193922,0
1438,766193923,0
1439,766193924,0
1440,766193925,0
1441,766193926,0
1442,766193927,2
1443,766193928,0
1444,766193929,0
1445,766193930,3
1446,766193931,0
1447,766193932,2
1448,766193933,3
1449,766193934,3
1450,766193935,3
1451,766193936,3
1452,766193937,3
1453,766193938,0
1454,766193939,0
1455,766193940,0
1456,766193941,3
1457,766193942,0
1458,766193943,3
1459,766193944,0
1460,766193945,0
1461,766193946,3
1462,766193947,3
1463,766193948,0
1464,766193949,0
1465,766193950,0
1466,766193951,0
1467,766193952,3
1468,766193953,0
1469,766193954,0
1470,766193955,0
1471,766193956,2
1472,766193957,0
1473,766193958,0
1474,766193959,0
1475,766193960,0
1476,766193961,0
1477,766193962,3
1478,766193963,0
1479,766193964,3
1480,766193965,3
1481,766193966,0
1482,766193967,0
1483,766193968,0
1484,766193969,3
1485,766193970,3
1486,766193971,3
1487,766193972,0
1488,766193973,1
1489,766193974,0
1490,766193975,0
1491,766193976,0
1492,766193977,3
1493,766193978,3
1494,766193979,0
1495,766193980,3
1496,766193981,0
1497,766193982,0
1498,766193983,0
1499,766193984,0
1500,766193985,3
1501,766193986,0
1502,766193987,3
1503,766193988,0
1504,766193989,0
1505,766193990,0
1506,766193991,0
1507,766193992,0
1508,766193993,0
1509,766193994,0
1510,766193995,3
1511,766193996,0
1512,766193997,3
1513,766193998,0
1514,766193999,3
1515,766194000,0
1516,766194001,0
1517,766194002,0
1518,766194003,0
1519,766194004,0
1520,766194005,0
1521,766194006,0
1522,766194007,0
1523,766194008,0
1524,766194009,3
1525,766194010,2
1526,766194011,0
1527,766194012,0
1528,766194013,0
1529,766194014,3
1530,766194015,0
1531,766194016,0
1532,766194017,0
1533,766194018,3
1534,766194019,0
1535,766194020,0
1536,766194021,0
1537,766194022,0
1538,766194023,0
1539,766194024,0
1540,766194025,0
1541,766194026,0
1542,766194027,0
1543,766194028,3
1544,766194029,0
1545,766194030,3
1546,766194031,0
1547,766194032,0
1548,766194033,0
1549,766194034,0
1550,766194035,0
1551,766194036,0
1552,766194037,0
1553,766194038,3
1554,766194039,0
1555,766194040,0
1556,766194041,3
1557,766194042,0
1558,766194043,0
1559,766194044,3
1560,766194045,0
1561,766194046,3
1562,766194047,3
1563,766194048,0
1564,766194049,0
1565,766194050,3
1566,766194051,0
1567,766194052,2
1568,766194053,3
1569,766194054,0
1570,766194055,0
1571,766194056,0
1572,766194057,3
1573,766194058,0
1574,766194059,0
1575,766194060,0
1576,766194061,0
1577,766194062,0
1578,766194063,0
1579,766194064,0
1580,766194065,3
1581,766194066,0
1582,766194067,0
1583,766194068,0
1584,766194069,0
1585,766194070,0
1586,766194071,0
1587,766194072,3
1588,766194073,3
1589,766194074,0
1590,766194075,0
1591,766194076,0
1592,766194077,0
1593,766194078,0
1594,766194079,2
1595,766194080,0
1596,766194081,0
1597,766194082,3
1598,766194083,0
1599,766194084,3
1600,766194085,3
1601,766194086,0
1602,766194087,0
1603,766194088,3
1604,766194089,3
1605,766194090,0
1606,766194091,3
1607,766194092,3
1608,766194093,0
1609,766194094,0
1610,766194095,0
1611,766194096,3
1612,766194097,3
1613,766194098,0
1614,766194099,0
1615,766194100,3
1616,766194101,0
1617,766194102,3
1618,766194103,3
1619,766194104,0
1620,766194105,1
1621,766194106,0
1622,766194107,0
1623,766194108,0
1624,766194109,0
1625,766194110,0
1626,766194111,0
1627,766194112,0
1628,766194113,0
1629,766194114,0
1630,766194115,0
1631,766194116,0
1632,766194117,0
1633,766194118,3
1634,766194119,3
1635,766194120,0
1636,766194121,3
1637,766194122,0
1638,766194123,0
1639,766194124,0
1640,766194125,0
1641,766194126,0
1642,766194127,3
1643,766194128,3
1644,766194129,0
1645,766194130,0
1646,766194131,3
1647,766194132,3
1648,766194133,0
1649,766194134,0
1650,766194135,0
1651,766194136,3
1652,766194137,0
1653,766194138,0
1654,766194139,0
1655,766194140,0
1656,766194141,0
1657,766194142,3
1658,766194143,0
1659,766194144,1
1660,766194145,0
1661,766194146,3
1662,766194147,0
1663,766194148,0
1664,766194149,0
1665,766194150,0
1666,766194151,2
1667,766194152,0
1668,766194153,0
1669,766194154,0
1670,766194155,0
1671,766194156,0
1672,766194157,0
1673,766194158,0
1674,766194159,0
1675,766194160,0
1676,766194161,3
1677,766194162,3
1678,766194163,0
1679,766194164,0
1680,766194165,0
1681,766194166,0
1682,766194167,0
1683,766194168,0
1684,766194169,0
1685,766194170,0
1686,766194171,0
1687,766194172,0
1688,766194173,0
1689,766194174,0
1690,766194175,0
1691,766194176,0
1692,766194177,3
1693,766194178,0
1694,766194179,3
1695,766194180,3
1696,766194181,0
1697,766194182,0
1698,766194183,3
1699,766194184,3
1700,766194185,0
1701,766194186,0
1702,766194187,3
1703,766194188,0
1704,766194189,0
1705,766194190,0
1706,766194191,0
1707,766194192,3
1708,766194193,3
1709,766194194,3
1710,766194195,0
1711,766194196,0
1712,766194197,0
1713,766194198,0
1714,766194199,0
1715,766194200,3
1716,766194201,1
1717,766194202,0
1718,766194203,2
1719,766194204,0
1720,766194205,0
1721,766194206,3
1722,766194207,0
1723,766194208,0
1724,766194209,3
1725,766194210,3
1726,766194211,0
1727,766194212,0
1728,766194213,0
1729,766194214,0
1730,766194215,0
1731,766194216,3
1732,766194217,0
1733,766194218,0
1734,766194219,3
1735,766194220,0
1736,766194221,0
1737,766194222,3
1738,766194223,3
1739,766194224,0
1740,766194225,0
1741,766194226,0
1742,766194227,3
1743,766194228,2
1744,766194229,0
1745,766194230,0
1746,766194231,0
1747,766194232,0
1748,766194233,0
1749,766194234,3
1750,766194235,3
1751,766194236,0
1752,766194237,0
1753,766194238,0
1754,766194239,0
1755,766194240,3
1756,766194241,0
1757,766194242,0
1758,766194243,0
1759,766194244,3
1760,766194245,0
1761,766194246,3
1762,766194247,0
1763,766194248,3
1764,766194249,0
1765,766194250,0
1766,766194251,0
1767,766194252,3
1768,766194253,3
1769,766194254,0
1770,766194255,3
1771,766194256,0
1772,766194257,0
1773,766194258,0
1774,766194259,0
1775,766194260,0
1776,766194261,3
1777,766194262,0
1778,766194263,3
1779,766194264,3
1780,766194265,0
1781,766194266,0
1782,766194267,0
1783,766194268,0
1784,766194269,0
1785,766194270,3
1786,766194271,0
1787,766194272,0
1788,766194273,0
1789,766194274,3
1790,766194275,3
1791,766194276,3
1792,766194277,0
1793,766194278,0
1794,766194279,0
1795,766194280,0
1796,766194281,0
1797,766194282,0
1798,766194283,0
1799,766194284,0
1800,766194285,3
1801,766194286,0
1802,766194287,0
1803,766194288,0
1804,766194289,0
1805,766194290,0
1806,766194291,3
1807,766194292,0
1808,766194293,0
1809,766194294,3
1810,766194295,0
1811,766194296,0
1812,766194297,0
1813,766194298,0
1814,766194299,0
1815,766194300,0
1816,766194301,0
1817,766194302,3
1818,766194303,3
1819,766194304,0
1820,766194305,3
1821,766194306,3
1822,766194307,3
1823,766194308,0
1824,766194309,3
1825,766194310,0
1826,766194311,0
1827,766194312,0
1828,766194313,3
1829,766194314,3
1830,766194315,0
1831,766194316,0
1832,766194317,0
1833,766194318,3
1834,766194319,0
1835,766194320,3
1836,766194321,0
1837,766194322,0
1838,766194323,0
1839,766194324,0
1840,766194325,0
1841,766194326,0
1842,766194327,0
1843,766194328,0
1844,766194329,0
1845,766194330,0
1846,766194331,0
1847,766194332,0
1848,766194333,3
1849,766194334,0
1850,766194335,0
1851,766194336,0
1852,766194337,0
1853,766194338,0
1854,766194339,0
1855,766194340,0
1856,766194341,3
1857,766194342,0
1858,766194343,3
1859,766194344,0
1860,766194345,3
1861,766194346,3
1862,766194347,0
1863,766194348,2
1864,766194349,0
1865,766194350,3
1866,766194351,3
1867,766194352,0
1868,766194353,3
1869,766194354,0
1870,766194355,0
1871,766194356,0
1872,766194357,0
1873,766194358,3
1874,766194359,0
1875,766194360,0
1876,766194361,3
1877,766194362,0
1878,766194363,0
1879,766194364,3
1880,766194365,3
1881,766194366,0
1882,766194367,0
1883,766194368,3
1884,766194369,3
1885,766194370,0
1886,766194371,0
1887,766194372,0
1888,766194373,0
1889,766194374,0
1890,766194375,3
1891,766194376,3
1892,766194377,3
1893,766194378,0
1894,766194379,0
1895,766194380,3
1896,766194381,0
1897,766194382,3
1898,766194383,0
1899,766194384,0
1900,766194386,0
1901,766194387,0
1902,766194388,0
1903,766194389,3
1904,766194390,0
1905,766194391,0
1906,766194392,3
1907,766194393,0
1908,766194394,0
1909,766194395,0
1910,766194396,0
1911,766194397,0
1912,766194398,0
1913,766194399,0
1914,766194400,0
1915,766194401,0
1916,766194402,0
1917,766194403,0
1918,766194404,0
1919,766194405,0
1920,766194406,3
1921,766194407,0
1922,766194408,3
1923,766194409,2
1924,766194410,0
1925,766194411,0
1926,766194412,0
1927,766194413,3
1928,766194414,3
1929,766194415,3
1930,766194416,0
1931,766194417,2
1932,766194418,0
1933,766194419,0
1934,766194420,0
1935,766194421,3
1936,766194422,3
1937,766194423,0
1938,766194424,0
1939,766194425,3
1940,766194426,0
1941,766194427,0
1942,766194428,3
1943,766194429,3
1944,766194430,3
1945,766194431,0
1946,766194432,3
1947,766194433,0
1948,766194434,0
1949,766194435,0
1950,766194436,0
1951,766194437,3
1952,766194438,3
1953,766194439,0
1954,766194440,0
1955,766194441,0
1956,766194442,3
1957,766194443,3
1958,766194444,0
1959,766194445,3
1960,766194446,0
1961,766194447,0
1962,766194448,0
1963,766194449,0
1964,766194450,3
1965,766194451,0
1966,766194452,0
1967,766194453,0
1968,766194454,3
1969,766194455,0
1970,766194456,0
1971,766194457,0
1972,766194458,0
1973,766194459,0
1974,766194460,0
1975,766194461,3
1976,766194462,3
1977,766194463,3
1978,766194464,0
1979,766194465,0
1980,766194466,3
1981,766194467,0
1982,766194468,3
1983,766194469,0
1984,766194470,0
1985,766194471,3
1986,766194472,0
1987,766194473,3
1988,766194474,3
1989,766194475,0
1990,766194476,0
1991,766194477,0
1992,766194478,3
1993,766194479,0
1994,766194480,0
1995,766194481,0
1996,766194482,3
1997,766194483,2
1998,766194484,0
1999,766194485,0
2000,766194486,3
2001,766194487,0
2002,766194488,0
2003,766194489,3
2004,766194490,3
2005,766194491,2
2006,766194492,0
2007,766194493,3
2008,766194494,0
2009,766194495,0
2010,766194496,0
2011,766194497,0
2012,766194498,0
2013,766194499,0
2014,766194500,0
2015,766194501,3
2016,766194502,0
2017,766194503,0
2018,766194504,0
2019,766194505,0
2020,766194506,1
2021,766194507,0
2022,766194508,0
2023,766194509,2
2024,766194510,3
2025,766194511,0
2026,766194512,0
2027,766194513,0
2028,766194514,3
2029,766194515,0
2030,766194516,0
2031,766194517,0
2032,766194518,0
2033,766194519,0
2034,766194520,3
2035,766194521,0
2036,766194522,2
2037,766194523,0
2038,766194524,0
2039,766194525,0
2040,766194526,0
2041,766194527,0
2042,766194528,0
2043,766194529,3
2044,766194530,0
2045,766194531,0
2046,766194532,0
2047,766194533,0
2048,766194534,0
2049,766194535,0
2050,766194536,0
2051,766194537,3
2052,766194538,0
2053,766194539,0
2054,766194540,0
2055,766194541,3
2056,766194542,0
2057,766194543,0
2058,766194544,2
2059,766194545,3
2060,766194546,0
2061,766194547,3
2062,766194548,3
2063,766194549,0
2064,766194550,2
2065,766194551,0
2066,766194552,0
2067,766194553,3
2068,766194554,0
2069,766194555,3
2070,766194556,3
2071,766194557,0
2072,766194558,0
2073,766194559,0
2074,766194560,3
2075,766194561,0
2076,766194562,3
2077,766194563,0
2078,766194564,0
2079,766194565,0
2080,766194566,0
2081,766194567,0
2082,766194568,0
2083,766194569,0
2084,766194570,3
2085,766194571,3
2086,766194572,0
2087,766194573,0
2088,766194574,0
2089,766194575,0
2090,766194576,3
2091,766194577,0
2092,766194578,3
2093,766194579,3
2094,766194580,0
2095,766194581,0
2096,766194582,0
2097,766194583,0
2098,766194584,3
2099,766194585,0
2100,766194586,0
2101,766194587,0
2102,766194588,0
2103,766194589,3
2104,766194590,2
2105,766194591,3
2106,766194592,0
2107,766194593,0
2108,766194594,0
2109,766194595,0
2110,766194596,0
2111,766194597,0
2112,766194598,3
2113,766194599,3
2114,766194600,3
2115,766194601,0
2116,766194602,0
2117,766194603,0
2118,766194604,0
2119,766194605,3
2120,766194606,0
2121,766194607,0
2122,766194608,0
2123,766194609,3
2124,766194610,0
2125,766194611,0
2126,766194612,0
2127,766194613,0
2128,766194614,0
2129,766194615,0
2130,766194616,0
2131,766194617,0
2132,766194618,0
2133,766194619,0
2134,766194620,0
2135,766194621,0
2136,766194622,3
2137,766194623,0
2138,766194624,0
2139,766194625,0
2140,766194626,3
2141,766194627,0
2142,766194628,0
2143,766194629,0
2144,766194630,0
2145,766194631,0
2146,766194632,0
2147,766194633,0
2148,766194634,0
2149,766194635,3
2150,766194636,0
2151,766194637,3
2152,766194638,3
2153,766194639,0
2154,766194640,0
2155,766194641,3
2156,766194642,0
2157,766194643,0
2158,766194644,0
2159,766194645,3
2160,766194646,2
2161,766194647,0
2162,766194648,3
2163,766194649,0
2164,766194650,3
2165,766194651,0
2166,766194652,0
2167,766194653,0
2168,766194654,0
2169,766194655,3
2170,766194656,3
2171,766194657,3
2172,766194658,0
2173,766194659,0
2174,766194660,3
2175,766194661,0
2176,766194662,0
2177,766194663,0
2178,766194664,0
2179,766194665,0
2180,766194666,0
2181,766194667,3
2182,766194668,3
2183,766194669,0
2184,766194670,0
2185,766194671,0
2186,766194672,0
2187,766194673,0
2188,766194674,0
2189,766194675,0
2190,766194676,0
2191,766194677,0
2192,766194678,0
2193,766194679,0
2194,766194680,3
2195,766194681,0
2196,766194682,3
2197,766194683,0
2198,766194684,3
2199,766194685,0
2200,766194686,0
2201,766194687,0
2202,766194688,0
2203,766194689,0
2204,766194690,0
2205,766194691,0
2206,766194692,0
2207,766194693,0
2208,766194694,0
2209,766194695,0
2210,766194696,3
2211,766194697,0
2212,766194698,0
2213,766194699,3
2214,766194700,0
2215,766194701,0
2216,766194702,0
2217,766194703,3
2218,766194704,0
2219,766194705,0
2220,766194706,0
2221,766194707,3
2222,766194708,0
2223,766194709,0
2224,766194710,0
2225,766194711,0
2226,766194712,1
2227,766194713,0
2228,766194714,0
2229,766194715,3
2230,766194716,3
2231,766194717,3
2232,766194718,0
2233,766194719,3
2234,766194720,0
2235,766194721,3
2236,766194722,0
2237,766194723,3
2238,766194724,0
2239,766194725,0
2240,766194726,3
2241,766194727,3
2242,766194728,3
2243,766194729,0
2244,766194730,0
2245,766194731,3
2246,766194732,0
2247,766194733,3
2248,766194734,0
2249,766194735,0
2250,766194736,3
2251,766194737,0
2252,766194738,3
2253,766194739,0
2254,766194740,0
2255,766194741,0
2256,766194742,3
2257,766194743,3
2258,766194744,0
2259,766194745,0
2260,766194746,0
2261,766194747,0
2262,766194748,0
2263,766194749,0
2264,766194750,0
2265,766194751,0
2266,766194752,0
2267,766194753,0
2268,766194754,0
2269,766194755,3
2270,766194756,3
2271,766194757,0
2272,766194758,0
2273,766194759,3
2274,766194760,0
2275,766194761,0
2276,766194762,0
2277,766194763,3
2278,766194764,0
2279,766194765,0
2280,766194766,0
2281,766194767,3
2282,766194768,0
2283,766194769,0
2284,766194770,0
2285,766194771,0
2286,766194772,3
2287,766194773,0
2288,766194774,0
2289,766194775,0
2290,766194776,0
2291,766194777,3
2292,766194778,0
2293,766194779,0
2294,766194780,3
2295,766194781,0
2296,766194782,0
2297,766194783,0
2298,766194784,3
2299,766194785,3
2300,766194786,0
2301,766194787,0
2302,766194788,2
2303,766194789,0
2304,766194790,0
2305,766194791,3
2306,766194792,3
2307,766194793,0
2308,766194794,0
2309,766194795,2
2310,766194796,0
2311,766194797,0
2312,766194798,0
2313,766194799,0
2314,766194800,0
2315,766194801,0
2316,766194802,0
2317,766194803,3
2318,766194804,0
2319,766194805,0
2320,766194806,0
2321,766194807,0
2322,766194808,0
2323,766194809,0
2324,766194810,0
2325,766194811,0
2326,766194812,2
2327,766194813,0
2328,766194814,0
2329,766194815,0
2330,766194816,3
2331,766194817,0
2332,766194818,3
2333,766194819,3
2334,766194820,0
2335,766194821,0
2336,766194822,0
2337,766194823,0
2338,766194824,0
2339,766194825,3
2340,766194826,0
2341,766194827,3
2342,766194828,0
2343,766194829,0
2344,766194830,0
2345,766194831,0
2346,766194832,0
2347,766194833,3
2348,766194834,0
2349,766194835,0
2350,766194836,0
2351,766194837,0
2352,766194838,0
2353,766194839,0
2354,766194840,0
2355,766194841,0
2356,766194842,0
2357,766194843,3
2358,766194844,0
2359,766194845,0
2360,766194846,3
2361,766194847,3
2362,766194848,0
2363,766194849,3
2364,766194850,0
2365,766194851,0
2366,766194852,0
2367,766194853,3
2368,766194854,0
2369,766194855,0
2370,766194856,0
2371,766194857,3
2372,766194858,0
2373,766194859,3
2374,766194860,3
2375,766194861,0
2376,766194862,0
2377,766194863,0
2378,766194864,0
2379,766194865,0
2380,766194866,0
2381,766194867,0
2382,766194868,0
2383,766194869,0
2384,766194870,0
2385,766194871,0
2386,766194872,0
2387,766194873,0
2388,766194874,0
2389,766194875,0
2390,766194876,0
2391,766194877,0
2392,766194878,0
2393,766194879,0
2394,766194880,0
2395,766194881,0
2396,766194882,0
2397,766194883,0
2398,766194884,0
2399,766194885,0
2400,766194886,0
2401,766194887,0
2402,766194888,0
2403,766194889,0
2404,766194890,0
2405,766194891,1
2406,766194892,0
2407,766194893,0
2408,766194894,0
2409,766194895,0
2410,766194896,0
2411,766194897,0
2412,766194898,3
2413,766194899,3
2414,766194900,3
2415,766194901,0
2416,766194902,3
2417,766194903,0
2418,766194904,0
2419,766194905,0
2420,766194906,3
2421,766194907,0
2422,766194908,3
2423,766194909,3
2424,766194910,0
2425,766194911,0
2426,766194912,0
2427,766194913,0
2428,766194914,3
2429,766194915,0
2430,766194916,0
2431,766194917,0
2432,766194918,0
2433,766194919,3
2434,766194920,0
2435,766194921,0
2436,766194922,3
2437,766194923,0
2438,766194924,3
2439,766194925,0
2440,766194926,0
2441,766194927,3
2442,766194928,0
2443,766194929,0
2444,766194930,3
2445,766194931,0
2446,766194932,3
2447,766194933,0
2448,766194934,0
2449,766194935,0
2450,766194936,0
2451,766194937,0
2452,766194938,0
2453,766194939,3
2454,766194940,0
2455,766194941,3
2456,766194942,0
2457,766194943,0
2458,766194944,0
2459,766194945,0
2460,766194946,0
2461,766194947,3
2462,766194948,0
2463,766194949,3
2464,766194950,3
2465,766194951,0
2466,766194952,3
2467,766194953,3
2468,766194954,0
2469,766194955,0
2470,766194956,3
2471,766194957,3
2472,766194958,0
2473,766194959,0
2474,766194960,3
2475,766194961,0
2476,766194962,1
2477,766194963,0
2478,766194964,0
2479,766194965,0
2480,766194966,0
2481,766194967,0
2482,766194968,3
2483,766194969,0
2484,766194970,3
2485,766194971,0
2486,766194972,3
2487,766194973,3
2488,766194974,0
2489,766194975,0
2490,766194976,0
2491,766194977,3
2492,766194978,3
2493,766194979,0
2494,766194980,0
2495,766194981,0
2496,766194982,3
2497,766194983,3
2498,766194984,0
2499,766194985,0
2500,766194986,0
2501,766194987,0
2502,766194988,0
2503,766194989,0
2504,766194990,1
2505,766194991,0
2506,766194992,0
2507,766194993,0
2508,766194994,0
2509,766194995,0
2510,766194996,0
2511,766194997,0
2512,766194998,0
2513,766194999,0
2514,766195000,0
2515,766195001,0
2516,766195002,0
2517,766195003,0
2518,766195004,0
2519,766195005,0
2520,766195006,0
2521,766195007,0
2522,766195008,0
2523,766195009,0
2524,766195010,3
2525,766195011,1
2526,766195012,0
2527,766195013,0
2528,766195014,0
2529,766195015,0
2530,766195016,0
2531,766195017,0
2532,766195018,0
2533,766195019,0
2534,766195020,1
2535,766195021,0
2536,766195022,0
2537,766195023,0
2538,766195024,0
2539,766195025,0
2540,766195026,0
2541,766195027,0
2542,766195028,0
2543,766195029,0
2544,766195030,0
2545,766195031,0
2546,766195032,0
2547,766195033,0
2548,766195034,3
2549,766195035,3
2550,766195036,0
2551,766195037,0
2552,766195038,0
2553,766195039,0
2554,766195040,3
2555,766195041,0
2556,766195042,0
2557,766195043,3
2558,766195044,0
2559,766195045,0
2560,766195046,0
2561,766195047,0
2562,766195048,3
2563,766195049,0
2564,766195050,0
2565,766195051,0
2566,766195052,3
2567,766195053,0
2568,766195054,1
2569,766195055,0
2570,766195056,0
2571,766195057,0
2572,766195058,0
2573,766195059,0
2574,766195060,0
2575,766195061,0
2576,766195062,0
2577,766195063,0
2578,766195064,0
2579,766195065,2
2580,766195066,0
2581,766195067,3
2582,766195068,0
2583,766195069,0
2584,766195070,3
2585,766195071,0
2586,766195072,0
2587,766195073,0
2588,766195074,0
2589,766195075,0
2590,766195076,0
2591,766195077,3
2592,766195078,0
2593,766195079,0
2594,766195080,0
2595,766195081,0
2596,766195082,3
2597,766195083,0
2598,766195084,0
2599,766195085,0
2600,766195086,0
2601,766195087,1
2602,766195088,0
2603,766195089,0
2604,766195090,1
2605,766195091,1
2606,766195092,1
2607,766195093,1
2608,766195094,0
2609,766195095,0
2610,766195096,3
2611,766195097,1
2612,766195098,0
2613,766195099,0
2614,766195100,0
2615,766195101,1
2616,766195102,0
2617,766195103,1
2618,766195104,0
2619,766195105,3
2620,766195106,0
2621,766195107,0
2622,766195108,0
2623,766195109,0
2624,766195110,0
2625,766195111,0
2626,766195112,0
2627,766195113,0
2628,766195114,0
2629,766195115,0
2630,766195116,0
2631,766195117,0
2632,766195118,0
2633,766195119,0
2634,766195120,0
2635,766195121,0
2636,766195122,0
2637,766195123,0
2638,766195124,0
2639,766195125,0
2640,766195126,0
2641,766195127,0
2642,766195128,0
2643,766195129,0
2644,766195130,0
2645,766195131,0
2646,766195132,0
2647,766195133,0
2648,766195134,0
2649,766195135,0
2650,766195136,0
2651,766195137,0
2652,766195138,0
2653,766195139,0
2654,766195140,0
2655,766195141,0
2656,766195142,1
2657,766195143,0
2658,766195144,0
2659,766195145,0
2660,766195146,0
2661,766195147,0
2662,766195148,0
2663,766195149,0
2664,766195150,0
2665,766195151,0
2666,766195152,1
2667,766195153,0
2668,766195154,0
2669,766195155,1
2670,766195156,0
2671,766195157,0
2672,766195158,3
2673,766195159,0
2674,766195160,0
2675,766195161,0
2676,766195162,0
2677,766195163,0
2678,766195164,0
2679,766195165,0
2680,766195166,0
2681,766195167,0
2682,766195168,1
2683,766195169,0
2684,766195170,0
2685,766195171,0
2686,766195172,0
2687,766195173,0
2688,766195174,3
2689,766195175,0
2690,766195176,0
2691,766195177,0
2692,766195178,0
2693,766195179,0
2694,766195180,0
2695,766195181,0
2696,766195182,0
2697,766195183,0
2698,766195184,0
2699,766195185,0
2700,766195186,0
2701,766195187,0
2702,766195188,0
2703,766195189,1
2704,766195190,0
2705,766195191,0
2706,766195192,0
2707,766195193,0
2708,766195194,1
2709,766195195,0
2710,766195196,0
2711,766195197,0
2712,766195198,0
2713,766195199,0
2714,766195200,3
2715,766195201,0
2716,766195202,0
2717,766195203,0
2718,766195204,0
2719,766195205,0
2720,766195206,2
2721,766195207,0
2722,766195208,0
2723,766195209,0
2724,766195210,0
2725,766195211,0
2726,766195212,0
2727,766195213,0
2728,766195214,0
2729,766195215,0
2730,766195216,0
2731,766195217,0
2732,766195218,0
2733,766195219,0
2734,766195220,0
2735,766195221,0
2736,766195222,1
2737,766195223,0
2738,766195224,0
2739,766195225,0
2740,766195226,0
2741,766195227,0
2742,766195228,0
2743,766195229,1
2744,766195230,1
2745,766195231,2
2746,766195232,0
2747,766195233,0
2748,766195234,0
2749,766195235,0
2750,766195236,0
2751,766195237,0
2752,766195238,0
2753,766195239,0
2754,766195240,0
2755,766195241,0
2756,766195242,3
2757,766195243,0
2758,766195244,0
2759,766195245,0
2760,766195246,0
2761,766195247,0
2762,766195248,0
2763,766195249,0
2764,766195250,0
2765,766195251,0
2766,766195252,0
2767,766195253,0
2768,766195254,0
2769,766195255,0
2770,766195256,0
2771,766195257,0
2772,766195258,0
2773,766195259,0
2774,766195260,0
2775,766195261,0
2776,766195262,3
2777,766195263,0
2778,766195264,0
2779,766195265,0
2780,766195266,0
2781,766195267,0
2782,766195268,0
2783,766195269,0
2784,766195270,0
2785,766195271,0
2786,766195272,0
2787,766195273,0
2788,766195274,0
2789,766195275,2
2790,766195276,0
2791,766195277,1
2792,766195278,1
2793,766195279,0
2794,766195280,0
2795,766195281,0
2796,766195282,0
2797,766195283,3
2798,766195284,0
2799,766195285,0
2800,766195286,0
2801,766195287,0
2802,766195288,0
2803,766195289,0
2804,766195290,0
2805,766195291,0
2806,766195292,0
2807,766195293,0
2808,766195294,0
2809,766195295,0
2810,766195296,0
2811,766195297,0
2812,766195298,0
2813,766195299,0
2814,766195300,0
2815,766195301,0
2816,766195302,0
2817,766195303,3
2818,766195304,0
2819,766195305,3
2820,766195306,0
2821,766195307,0
2822,766195308,0
2823,766195309,3
2824,766195310,0
2825,766195311,0
2826,766195312,0
2827,766195313,3
2828,766195314,0
2829,766195315,3
2830,766195316,0
2831,766195317,0
2832,766195318,3
2833,766195319,0
2834,766195320,3
2835,766195321,0
2836,766195322,3
2837,766195323,3
2838,766195324,0
2839,766195325,0
2840,766195326,0
2841,766195327,0
2842,766195328,0
2843,766195329,0
2844,766195330,3
2845,766195331,0
2846,766195332,3
2847,766195333,3
2848,766195334,0
2849,766195335,3
2850,766195336,0
2851,766195337,0
2852,766195338,0
2853,766195339,0
2854,766195340,0
2855,766195341,0
2856,766195342,0
2857,766195343,0
2858,766195344,0
2859,766195345,0
2860,766195346,0
2861,766195347,0
2862,766195348,0
2863,766195349,0
2864,766195350,3
2865,766195351,0
2866,766195352,0
2867,766195353,0
2868,766195354,0
2869,766195355,0
2870,766195356,1
2871,766195357,0
2872,766195358,0
2873,766195359,1
2874,766195360,1
2875,766195361,0
2876,766195362,0
2877,766195363,0
2878,766195364,0
2879,766195365,0
2880,766195366,0
2881,766195367,1
2882,766195368,0
2883,766195369,0
2884,766195370,0
2885,766195371,0
2886,766195372,0
2887,766195373,0
2888,766195374,0
2889,766195375,0
2890,766195376,1
2891,766195377,0
2892,766195378,0
2893,766195379,1
2894,766195380,0
2895,766195381,0
2896,766195382,0
2897,766195383,0
2898,766195384,0
2899,766195385,0
2900,766195386,0
2901,766195387,0
2902,766195388,3
2903,766195389,0
2904,766195390,1
2905,766195391,0
2906,766195392,0
2907,766195393,0
2908,766195394,0
2909,766195395,0
2910,766195396,0
2911,766195397,0
2912,766195398,3
2913,766195399,0
2914,766195400,0
2915,766195401,0
2916,766195402,0
2917,766195403,0
2918,766195404,0
2919,766195405,0
2920,766195406,0
2921,766195407,0
2922,766195408,0
2923,766195409,0
2924,766195410,0
2925,766195411,0
2926,766195412,0
2927,766195413,0
2928,766195414,0
2929,766195415,0
2930,766195416,3
2931,766195417,0
2932,766195418,0
2933,766195419,0
2934,766195420,0
2935,766195421,0
2936,766195422,3
2937,766195423,0
2938,766195424,0
2939,766195425,0
2940,766195426,1
2941,766195427,0
2942,766195428,0
2943,766195429,0
2944,766195430,0
2945,766195431,0
2946,766195432,3
2947,766195433,0
2948,766195434,0
2949,766195435,0
2950,766195436,0
2951,766195437,0
2952,766195438,0
2953,766195439,0
2954,766195440,0
2955,766195441,1
2956,766195442,0
2957,766195443,3
2958,766195444,0
2959,766195445,0
2960,766195446,2
2961,766195447,0
2962,766195448,1
2963,766195449,0
2964,766195450,0
2965,766195451,0
2966,766195452,0
2967,766195453,0
2968,766195454,1
2969,766195455,1
2970,766195456,0
2971,766195457,0
2972,766195458,0
2973,766195459,0
2974,766195460,0
2975,766195461,1
2976,766195462,0
2977,766195463,0
2978,766195464,0
2979,766195465,0
2980,766195466,3
2981,766195467,0
2982,766195468,0
2983,766195469,0
2984,766195470,0
2985,766195471,1
2986,766195472,0
2987,766195473,0
2988,766195474,0
2989,766195475,0
2990,766195476,0
2991,766195477,3
2992,766195478,3
2993,766195479,0
2994,766195480,0
2995,766195481,0
2996,766195482,0
2997,766195483,0
2998,766195484,3
2999,766195485,2
3000,766195486,2
3001,766195487,3
3002,766195488,0
3003,766195489,0
3004,766195490,0
3005,766195491,0
3006,766195492,1
3007,766195493,0
3008,766195494,0
3009,766195495,3
3010,766195496,0
3011,766195497,3
3012,766195498,0
3013,766195499,0
3014,766195500,3
3015,766195501,0
3016,766195502,0
3017,766195503,0
3018,766195504,0
3019,766195505,0
3020,766195506,0
3021,766195507,0
3022,766195508,0
3023,766195509,0
3024,766195510,3
3025,766195511,0
3026,766195512,0
3027,766195513,0
3028,766195514,0
3029,766195515,0
3030,766195516,0
3031,766195517,0
3032,766195518,0
3033,766195519,0
3034,766195520,0
3035,766195521,0
3036,766195522,0
3037,766195523,0
3038,766195524,0
3039,766195525,0
3040,766195526,1
3041,766195527,0
3042,766195528,3
3043,766195529,0
3044,766195530,0
3045,766195531,0
3046,766195532,0
3047,766195533,0
3048,766195534,1
3049,766195535,3
3050,766195536,0
3051,766195537,0
3052,766195538,0
3053,766195539,0
3054,766195540,0
3055,766195541,1
3056,766195542,0
3057,766195543,0
3058,766195544,0
3059,766195545,2
3060,766195546,0
3061,766195547,0
3062,766195548,0
3063,766195549,0
3064,766195550,0
3065,766195551,0
3066,766195552,3
3067,766195553,0
3068,766195554,0
3069,766195555,0
3070,766195556,0
3071,766195557,0
3072,766195558,0
3073,766195559,0
3074,766195560,0
3075,766195561,2
3076,766195562,3
3077,766195563,0
3078,766195564,0
3079,766195565,0
3080,766195566,0
3081,766195567,1
3082,766195568,0
3083,766195569,0
3084,766195570,0
3085,766195571,0
3086,766195572,3
3087,766195573,0
3088,766195574,0
3089,766195575,0
3090,766195576,0
3091,766195577,0
3092,766195578,0
3093,766195579,0
3094,766195580,0
3095,766195581,0
3096,766195582,3
3097,766195583,0
3098,766195584,0
3099,766195585,0
3100,766195586,0
3101,766195587,0
3102,766195588,0
3103,766195589,0
3104,766195590,0
3105,766195591,0
3106,766195592,0
3107,766195593,1
3108,766195594,0
3109,766195595,0
3110,766195596,0
3111,766195597,0
3112,766195598,0
3113,766195599,3
3114,766195600,1
3115,766195601,0
3116,766195602,0
3117,766195603,0
3118,766195604,0
3119,766195605,0
3120,766195606,0
3121,766195607,0
3122,766195608,2
3123,766195609,0
3124,766195610,0
3125,766195611,0
3126,766195612,0
3127,766195613,1
3128,766195614,0
3129,766195615,0
3130,766195616,0
3131,766195617,0
3132,766195618,0
3133,766195619,3
3134,766195620,0
3135,766195621,0
3136,766195622,0
3137,766195623,0
3138,766195624,0
3139,766195625,0
3140,766195626,0
3141,766195627,0
3142,766195628,0
3143,766195629,0
3144,766195630,0
3145,766195631,0
3146,766195632,0
3147,766195633,0
3148,766195634,0
3149,766195635,0
3150,766195636,0
3151,766195637,1
3152,766195638,0
3153,766195639,0
3154,766195640,0
3155,766195641,0
3156,766195642,0
3157,766195643,0
3158,766195644,0
3159,766195645,0
3160,766195646,0
3161,766195647,0
3162,766195648,0
3163,766195649,0
3164,766195650,0
3165,766195651,0
3166,766195652,0
3167,766195653,0
3168,766195654,0
3169,766195655,0
3170,766195656,0
3171,766195657,1
3172,766195658,0
3173,766195659,0
3174,766195660,0
3175,766195661,0
3176,766195662,0
3177,766195663,0
3178,766195664,0
3179,766195665,0
3180,766195666,0
3181,766195667,0
3182,766195668,0
3183,766195669,3
3184,766195670,0
3185,766195671,0
3186,766195672,0
3187,766195673,3
3188,766195674,0
3189,766195675,3
3190,766195676,3
3191,766195677,0
3192,766195678,0
3193,766195679,0
3194,766195680,0
3195,766195681,0
3196,766195682,0
3197,766195683,0
3198,766195684,0
3199,766195685,0
3200,766195686,0
3201,766195687,0
3202,766195688,0
3203,766195689,3
3204,766195690,0
3205,766195691,0
3206,766195692,0
3207,766195693,3
3208,766195694,0
3209,766195695,0
3210,766195696,3
3211,766195697,0
3212,766195698,0
3213,766195699,0
3214,766195700,0
3215,766195701,0
3216,766195702,0
3217,766195703,3
3218,766195704,0
3219,766195705,0
3220,766195706,0
3221,766195707,0
3222,766195708,0
3223,766195709,0
3224,766195710,0
3225,766195711,0
3226,766195712,0
3227,766195713,0
3228,766195714,0
3229,766195715,0
3230,766195716,0
3231,766195717,0
3232,766195718,3
3233,766195719,0
3234,766195720,1
3235,766195721,0
3236,766195722,1
3237,766195723,0
3238,766195724,1
3239,766195725,1
3240,766195726,0
3241,766195727,0
3242,766195728,1
3243,766195729,1
3244,766195730,0
3245,766195731,1
3246,766195732,1
3247,766195733,1
3248,766195734,1
3249,766195735,0
3250,766195736,0
3251,766195737,1
3252,766195738,1
3253,766195739,1
3254,766195740,0
3255,766195741,1
3256,766195742,0
3257,766195743,0
3258,766195744,1
3259,766195745,0
3260,766195746,1
3261,766195747,0
3262,766195748,3
3263,766195749,0
3264,766195750,1
3265,766195751,1
3266,766195752,1
3267,766195753,1
3268,766195754,0
3269,766195755,1
3270,766195756,0
3271,766195757,1
3272,766195758,0
3273,766195759,0
3274,766195760,0
3275,766195761,3
3276,766195762,1
3277,766195763,0
3278,766195764,1
3279,766195765,0
3280,766195766,0
3281,766195767,0
3282,766195768,3
3283,766195769,0
3284,766195770,0
3285,766195771,0
3286,766195772,0
3287,766195773,0
3288,766195774,3
3289,766195775,3
3290,766195776,0
3291,766195777,0
3292,766195778,0
3293,766195779,0
3294,766195780,0
3295,766195781,0
3296,766195782,0
3297,766195783,0
3298,766195784,0
3299,766195785,0
3300,766195786,0
3301,766195787,0
3302,766195788,0
3303,766195789,3
3304,766195790,0
3305,766195791,1
3306,766195792,0
3307,766195793,0
3308,766195794,0
3309,766195795,0
3310,766195796,3
3311,766195797,3
3312,766195798,3
3313,766195799,0
3314,766195800,0
3315,766195801,0
3316,766195802,0
3317,766195803,0
3318,766195804,0
3319,766195805,0
3320,766195806,0
3321,766195807,0
3322,766195808,0
3323,766195809,0
3324,766195810,0
3325,766195811,0
3326,766195812,0
3327,766195813,0
3328,766195814,0
3329,766195815,0
3330,766195816,0
3331,766195817,0
3332,766195818,0
3333,766195819,0
3334,766195820,0
3335,766195821,0
3336,766195822,0
3337,766195823,0
3338,766195824,0
3339,766195825,0
3340,766195826,0
3341,766195827,0
3342,766195828,0
3343,766195829,3
3344,766195830,0
3345,766195831,0
3346,766195832,0
3347,766195833,0
3348,766195834,1
3349,766195835,3
3350,766195836,3
3351,766195837,3
3352,766195838,0
3353,766195839,3
3354,766195840,0
3355,766195841,0
3356,766195842,0
3357,766195843,0
3358,766195844,0
3359,766195845,0
3360,766195846,3
3361,766195847,0
3362,766195848,0
3363,766195849,1
3364,766195850,0
3365,766195851,0
3366,766195852,0
3367,766195853,0
3368,766195854,0
3369,766195855,1
3370,766195856,0
3371,766195857,0
3372,766195858,0
3373,766195859,0
3374,766195860,0
3375,766195861,0
3376,766195862,0
3377,766195863,0
3378,766195864,0
3379,766195865,0
3380,766195866,0
3381,766195867,0
3382,766195868,0
3383,766195869,0
3384,766195870,3
3385,766195871,0
3386,766195872,0
3387,766195873,0
3388,766195874,0
3389,766195875,1
3390,766195876,1
3391,766195877,0
3392,766195878,0
3393,766195879,3
3394,766195880,3
3395,766195881,0
3396,766195882,0
3397,766195883,0
3398,766195884,1
3399,766195885,0
3400,766195886,0
3401,766195887,0
3402,766195888,0
3403,766195889,0
3404,766195890,1
3405,766195891,0
3406,766195892,0
3407,766195893,0
3408,766195894,0
3409,766195895,0
3410,766195896,0
3411,766195897,0
3412,766195898,0
3413,766195899,0
3414,766195900,0
3415,766195901,3
3416,766195902,2
3417,766195903,0
3418,766195904,0
3419,766195905,0
3420,766195906,0
3421,766195907,0
3422,766195908,3
3423,766195909,0
3424,766195910,3
3425,766195911,0
3426,766195912,0
3427,766195913,0
3428,766195914,0
3429,766195915,3
3430,766195916,0
3431,766195917,0
3432,766195918,0
3433,766195919,2
3434,766195920,0
3435,766195921,0
3436,766195922,0
3437,766195923,0
3438,766195924,3
3439,766195925,0
3440,766195926,0
3441,766195927,0
3442,766195928,0
3443,766195929,0
3444,766195930,0
3445,766195931,0
3446,766195932,1
3447,766195933,0
3448,766195934,0
3449,766195935,3
3450,766195936,0
3451,766195937,0
3452,766195938,0
3453,766195939,0
3454,766195940,0
3455,766195941,0
3456,766195942,0
3457,766195943,1
3458,766195944,0
3459,766195945,0
3460,766195946,0
3461,766195947,1
3462,766195948,0
3463,766195949,1
3464,766195950,1
3465,766195951,1
3466,766195952,0
3467,766195953,0
3468,766195954,0
3469,766195955,0
3470,766195956,0
3471,766195957,0
3472,766195958,0
3473,766195959,0
3474,766195960,0
3475,766195961,0
3476,766195962,3
3477,766195963,0
3478,766195964,0
3479,766195965,0
3480,766195966,0
3481,766195967,0
3482,766195968,0
3483,766195969,0
3484,766195970,0
3485,766195971,0
3486,766195972,0
3487,766195973,0
3488,766195974,3
3489,766195975,0
3490,766195976,0
3491,766195977,1
3492,766195978,0
3493,766195979,3
3494,766195980,0
3495,766195981,0
3496,766195982,0
3497,766195983,3
3498,766195984,0
3499,766195985,0
3500,766195986,0
3501,766195987,3
3502,766195988,3
3503,766195989,3
3504,766195990,3
3505,766195991,0
3506,766195992,0
3507,766195993,0
3508,766195994,1
3509,766195995,0
3510,766195996,0
3511,766195997,1
3512,766195998,1
3513,766195999,3
3514,766196000,0
3515,766196001,0
3516,766196002,0
3517,766196003,0
3518,766196004,0
3519,766196005,3
3520,766196006,0
3521,766196007,3
3522,766196008,0
3523,766196009,3
3524,766196010,3
3525,766196011,3
3526,766196012,0
3527,766196013,3
3528,766196014,0
3529,766196015,0
3530,766196016,0
3531,766196017,0
3532,766196018,2
3533,766196019,0
3534,766196020,0
3535,766196021,0
3536,766196022,2
3537,766196023,0
3538,766196024,1
3539,766196025,0
3540,766196026,1
3541,766196027,0
3542,766196028,0
3543,766196029,0
3544,766196030,0
3545,766196031,0
3546,766196032,0
3547,766196033,0
3548,766196034,1
3549,766196035,0
3550,766196036,1
3551,766196037,0
3552,766196038,1
3553,766196039,0
3554,766196040,0
3555,766196041,0
3556,766196042,0
3557,766196043,0
3558,766196044,1
3559,766196045,0
3560,766196046,1
3561,766196047,0
3562,766196048,0
3563,766196049,0
3564,766196050,0
3565,766196051,0
3566,766196052,3
3567,766196053,0
3568,766196054,0
3569,766196055,0
3570,766196056,0
3571,766196057,0
3572,766196058,0
3573,766196059,0
3574,766196060,0
3575,766196061,2
3576,766196062,0
3577,766196063,3
3578,766196064,0
3579,766196065,0
3580,766196066,0
3581,766196067,0
3582,766196068,0
3583,766196069,0
3584,766196070,0
3585,766196071,0
3586,766196072,0
3587,766196073,0
3588,766196074,1
3589,766196075,1
3590,766196076,0
3591,766196077,0
3592,766196078,0
3593,766196079,2
3594,766196080,0
3595,766196081,0
3596,766196082,0
3597,766196083,0
3598,766196084,1
3599,766196085,0
3600,766196086,0
3601,766196087,0
3602,766196088,0
3603,766196089,0
3604,766196090,0
3605,766196091,0
3606,766196092,0
3607,766196093,0
3608,766196094,0
3609,766196095,0
3610,766196096,3
3611,766196097,0
3612,766196098,0
3613,766196099,0
3614,766196100,0
3615,766196101,0
3616,766196102,0
3617,766196103,0
3618,766196104,0
3619,766196105,0
3620,766196106,0
3621,766196107,0
3622,766196108,0
3623,766196109,0
3624,766196110,0
3625,766196111,0
3626,766196112,0
3627,766196113,3
3628,766196114,0
3629,766196115,3
3630,766196116,0
3631,766196117,0
3632,766196118,0
3633,766196119,0
3634,766196120,0
3635,766196121,1
3636,766196122,0
3637,766196123,3
3638,766196124,0
3639,766196125,1
3640,766196126,0
3641,766196127,0
3642,766196128,0
3643,766196129,0
3644,766196130,1
3645,766196131,0
3646,766196132,0
3647,766196133,0
3648,766196134,3
3649,766196135,0
3650,766196136,0
3651,766196137,0
3652,766196138,0
3653,766196139,0
3654,766196140,3
3655,766196141,3
3656,766196142,0
3657,766196143,0
3658,766196144,1
3659,766196145,1
3660,766196146,1
3661,766196147,0
3662,766196148,0
3663,766196149,1
3664,766196150,0
3665,766196151,0
3666,766196152,0
3667,766196153,0
3668,766196154,0
3669,766196155,0
3670,766196156,0
3671,766196157,0
3672,766196158,0
3673,766196159,3
3674,766196160,0
3675,766196161,0
3676,766196162,0
3677,766196163,0
3678,766196164,0
3679,766196165,0
3680,766196166,2
3681,766196167,0
3682,766196168,0
3683,766196169,0
3684,766196170,0
3685,766196171,0
3686,766196172,0
3687,766196173,0
3688,766196174,0
3689,766196175,0
3690,766196176,0
3691,766196177,0
3692,766196178,0
3693,766196179,0
3694,766196180,2
3695,766196181,0
3696,766196182,2
3697,766196183,0
3698,766196184,3
3699,766196185,0
3700,766196186,1
3701,766196187,0
3702,766196188,0
3703,766196189,0
3704,766196190,0
3705,766196191,0
3706,766196192,1
3707,766196193,0
3708,766196194,0
3709,766196195,0
3710,766196196,0
3711,766196197,0
3712,766196198,3
3713,766196199,3
3714,766196200,0
3715,766196201,0
3716,766196202,0
3717,766196203,0
3718,766196204,0
3719,766196205,1
3720,766196206,0
3721,766196207,0
3722,766196208,0
3723,766196209,0
3724,766196210,0
3725,766196211,0
3726,766196212,0
3727,766196213,0
3728,766196214,3
3729,766196215,0
3730,766196216,0
3731,766196217,3
3732,766196218,0
3733,766196219,0
3734,766196220,0
3735,766196221,0
3736,766196222,0
3737,766196223,3
3738,766196224,0
3739,766196225,0
3740,766196226,0
3741,766196227,3
3742,766196228,0
3743,766196229,0
3744,766196230,0
3745,766196231,0
3746,766196232,0
3747,766196233,0
3748,766196234,0
3749,766196235,0
3750,766196236,0
3751,766196237,0
3752,766196238,0
3753,766196239,0
3754,766196240,0
3755,766196241,0
3756,766196242,0
3757,766196243,0
3758,766196244,0
3759,766196245,0
3760,766196246,0
3761,766196247,0
3762,766196248,3
3763,766196249,3
3764,766196250,0
3765,766196251,1
3766,766196252,0
3767,766196253,0
3768,766196254,0
3769,766196255,0
3770,766196256,0
3771,766196257,3
3772,766196258,0
3773,766196259,0
3774,766196260,0
3775,766196261,0
3776,766196262,0
3777,766196263,0
3778,766196264,0
3779,766196265,0
3780,766196266,0
3781,766196267,0
3782,766196268,0
3783,766196269,1
3784,766196270,0
3785,766196271,1
3786,766196272,0
3787,766196273,0
3788,766196274,0
3789,766196275,0
3790,766196276,0
3791,766196277,0
3792,766196278,0
3793,766196279,0
3794,766196280,0
3795,766196281,0
3796,766196282,2
3797,766196283,0
3798,766196284,0
3799,766196285,0
3800,766196286,0
3801,766196287,0
3802,766196288,1
3803,766196289,0
3804,766196290,0
3805,766196291,0
3806,766196292,0
3807,766196293,0
3808,766196294,0
3809,766196295,3
3810,766196296,0
3811,766196297,0
3812,766196298,0
3813,766196299,0
3814,766196300,1
3815,766196301,0
3816,766196302,0
3817,766196303,0
3818,766196304,1
3819,766196305,3
3820,766196306,3
3821,766196307,3
3822,766196308,3
3823,766196309,0
3824,766196310,3
3825,766196311,0
3826,766196312,0
3827,766196313,0
3828,766196314,3
3829,766196315,3
3830,766196316,0
3831,766196317,3
3832,766196318,0
3833,766196319,3
3834,766196320,0
3835,766196321,0
3836,766196322,0
3837,766196323,0
3838,766196324,3
3839,766196325,0
3840,766196326,3
3841,766196327,0
3842,766196328,1
3843,766196329,0
3844,766196330,0
3845,766196331,0
3846,766196332,0
3847,766196333,0
3848,766196334,0
3849,766196335,1
3850,766196336,0
3851,766196337,1
3852,766196338,3
3853,766196339,0
3854,766196340,1
3855,766196341,1
3856,766196342,3
3857,766196343,3
3858,766196344,0
3859,766196345,3
3860,766196346,0
3861,766196347,1
3862,766196348,0
3863,766196349,0
3864,766196350,0
3865,766196351,1
3866,766196352,0
3867,766196353,0
3868,766196354,0
3869,766196355,0
3870,766196356,3
3871,766196357,0
3872,766196358,0
3873,766196359,0
3874,766196360,0
3875,766196361,0
3876,766196362,1
3877,766196363,0
3878,766196364,0
3879,766196365,0
3880,766196366,3
3881,766196367,0
3882,766196368,0
3883,766196369,0
3884,766196370,3
3885,766196371,3
3886,766196372,0
3887,766196373,0
3888,766196374,0
3889,766196375,1
3890,766196376,0
3891,766196377,0
3892,766196378,0
3893,766196379,0
3894,766196380,0
3895,766196381,0
3896,766196382,1
3897,766196383,0
3898,766196384,0
3899,766196385,0
3900,766196386,0
3901,766196387,0
3902,766196388,0
3903,766196389,0
3904,766196390,1
3905,766196391,0
3906,766196392,0
3907,766196393,0
3908,766196394,0
3909,766196395,0
3910,766196396,0
3911,766196397,0
3912,766196398,0
3913,766196399,0
3914,766196400,0
3915,766196401,0
3916,766196402,0
3917,766196403,0
3918,766196404,0
3919,766196405,3
3920,766196406,0
3921,766196407,0
3922,766196408,0
3923,766196409,0
3924,766196410,0
3925,766196411,0
3926,766196412,0
3927,766196413,0
3928,766196414,0
3929,766196415,0
3930,766196416,1
3931,766196417,0
3932,766196418,3
3933,766196419,0
3934,766196420,0
3935,766196421,0
3936,766196422,0
3937,766196423,0
3938,766196424,0
3939,766196425,0
3940,766196426,1
3941,766196427,3
3942,766196428,0
3943,766196429,0
3944,766196430,3
3945,766196431,3
3946,766196432,1
3947,766196433,0
3948,766196434,0
3949,766196435,0
3950,766196436,0
3951,766196437,3
3952,766196438,0
3953,766196439,0
3954,766196440,0
3955,766196441,0
3956,766196442,0
3957,766196443,0
3958,766196444,0
3959,766196445,0
3960,766196446,0
3961,766196447,0
3962,766196448,0
3963,766196449,0
3964,766196450,0
3965,766196451,0
3966,766196452,0
3967,766196453,0
3968,766196454,1
3969,766196455,0
3970,766196456,0
3971,766196457,0
3972,766196458,0
3973,766196459,0
3974,766196460,0
3975,766196461,0
3976,766196462,3
3977,766196463,0
3978,766196464,0
3979,766196465,0
3980,766196466,0
3981,766196467,0
3982,766196468,0
3983,766196469,0
3984,766196470,0
3985,766196471,0
3986,766196472,0
3987,766196473,0
3988,766196474,0
3989,766196475,0
3990,766196476,0
3991,766196477,0
3992,766196478,0
3993,766196479,0
3994,766196480,0
3995,766196481,0
3996,766196482,0
3997,766196483,0
3998,766196484,0
3999,766196485,0
4000,766196486,0
4001,766196487,0
4002,766196488,0
4003,766196489,0
4004,766196490,1
4005,766196491,0
4006,766196492,0
4007,766196493,0
4008,766196494,0
4009,766196495,0
4010,766196496,0
4011,766196497,2
4012,766196498,0
4013,766196499,0
4014,766196500,0
4015,766196501,0
4016,766196502,0
4017,766196503,1
4018,766196504,0
4019,766196505,0
4020,766196506,0
4021,766196507,0
4022,766196508,0
4023,766196509,1
4024,766196510,0
4025,766196511,0
4026,766196512,0
4027,766196513,0
4028,766196514,0
4029,766196515,0
4030,766196516,0
4031,766196517,0
4032,766196518,0
4033,766196519,2
4034,766196520,1
4035,766196521,0
4036,766196522,0
4037,766196523,0
4038,766196524,0
4039,766196525,0
4040,766196526,0
4041,766196527,0
4042,766196528,0
4043,766196529,3
4044,766196530,0
4045,766196531,0
4046,766196532,0
4047,766196533,3
4048,766196534,3
4049,766196535,0
4050,766196536,0
4051,766196537,3
4052,766196538,0
4053,766196539,0
4054,766196540,0
4055,766196541,0
4056,766196542,0
4057,766196543,0
4058,766196544,3
4059,766196545,1
4060,766196546,0
4061,766196547,0
4062,766196548,1
4063,766196549,1
4064,766196550,0
4065,766196551,2
4066,766196552,1
4067,766196553,3
4068,766196554,3
4069,766196555,1
4070,766196556,1
4071,766196557,1
4072,766196558,0
4073,766196559,0
4074,766196560,3
4075,766196561,0
4076,766196562,0
4077,766196563,1
4078,766196564,0
4079,766196565,0
4080,766196566,0
4081,766196567,0
4082,766196568,2
4083,766196569,0
4084,766196570,0
4085,766196571,3
4086,766196572,0
4087,766196573,1
4088,766196574,0
4089,766196575,1
4090,766196576,0
4091,766196577,0
4092,766196578,0
4093,766196579,0
4094,766196580,0
4095,766196581,0
4096,766196582,0
4097,766196583,0
4098,766196584,0
4099,766196585,0
4100,766196586,0
4101,766196587,0
4102,766196588,0
4103,766196589,2
4104,766196590,0
4105,766196591,0
4106,766196592,0
4107,766196593,0
4108,766196594,0
4109,766196595,0
4110,766196596,0
4111,766196597,0
4112,766196598,0
4113,766196599,0
4114,766196600,0
4115,766196601,0
4116,766196602,0
4117,766196603,0
4118,766196604,0
4119,766196605,3
4120,766196606,0
4121,766196607,0
4122,766196608,0
4123,766196609,0
4124,766196610,0
4125,766196611,1
4126,766196612,0
4127,766196613,0
4128,766196614,0
4129,766196615,0
4130,766196616,0
4131,766196617,0
4132,766196618,3
4133,766196619,0
4134,766196620,0
4135,766196621,0
4136,766196622,0
4137,766196623,1
4138,766196624,0
4139,766196625,3
4140,766196626,0
4141,766196627,0
4142,766196628,0
4143,766196629,0
4144,766196630,0
4145,766196631,0
4146,766196632,3
4147,766196633,0
4148,766196634,0
4149,766196635,0
4150,766196636,0
4151,766196637,1
4152,766196638,0
4153,766196639,0
4154,766196640,0
4155,766196641,0
4156,766196642,0
4157,766196643,1
4158,766196644,1
4159,766196645,0
4160,766196646,0
4161,766196647,3
4162,766196648,0
4163,766196649,0
4164,766196650,0
4165,766196651,0
4166,766196652,0
4167,766196653,0
4168,766196654,0
4169,766196655,3
4170,766196656,0
4171,766196657,0
4172,766196658,0
4173,766196659,0
4174,766196660,0
4175,766196661,0
4176,766196662,0
4177,766196663,0
4178,766196664,1
4179,766196665,0
4180,766196666,0
4181,766196667,0
4182,766196668,0
4183,766196669,0
4184,766196670,0
4185,766196671,0
4186,766196672,3
4187,766196673,0
4188,766196674,0
4189,766196675,0
4190,766196676,0
4191,766196677,0
4192,766196678,0
4193,766196679,3
4194,766196680,0
4195,766196681,0
4196,766196682,0
4197,766196683,0
4198,766196684,0
4199,766196685,0
4200,766196686,0
4201,766196687,0
4202,766196688,0
4203,766196689,0
4204,766196690,0
4205,766196691,0
4206,766196692,3
4207,766196693,0
4208,766196694,1
4209,766196695,0
4210,766196696,0
4211,766196697,0
4212,766196698,0
4213,766196699,0
4214,766196700,0
4215,766196701,0
4216,766196702,0
4217,766196703,0
4218,766196704,0
4219,766196705,0
4220,766196706,0
4221,766196707,0
4222,766196708,3
4223,766196709,0
4224,766196710,1
4225,766196711,0
4226,766196712,1
4227,766196713,0
4228,766196714,0
4229,766196715,1
4230,766196716,0
4231,766196717,1
4232,766196718,0
4233,766196719,0
4234,766196720,0
4235,766196721,0
4236,766196722,0
4237,766196723,3
4238,766196724,3
4239,766196725,3
4240,766196726,3
4241,766196727,3
4242,766196728,0
4243,766196729,3
4244,766196730,3
4245,766196731,3
4246,766196732,0
4247,766196733,0
4248,766196734,0
4249,766196735,0
4250,766196736,1
4251,766196737,0
4252,766196738,1
4253,766196739,3
4254,766196740,0
4255,766196741,1
4256,766196742,0
4257,766196743,1
4258,766196744,3
4259,766196745,3
4260,766196746,0
4261,766196747,3
4262,766196748,0
4263,766196749,0
4264,766196750,2
4265,766196751,3
4266,766196752,1
4267,766196753,0
4268,766196754,0
4269,766196755,0
4270,766196756,0
4271,766196757,0
4272,766196758,0
4273,766196759,0
4274,766196760,0
4275,766196761,0
4276,766196762,0
4277,766196763,1
4278,766196764,0
4279,766196765,0
4280,766196766,0
4281,766196767,0
4282,766196768,0
4283,766196769,1
4284,766196770,0
4285,766196771,0
4286,766196772,1
4287,766196773,0
4288,766196774,0
4289,766196775,0
4290,766196776,1
4291,766196777,0
4292,766196778,0
4293,766196779,0
4294,766196780,0
4295,766196781,0
4296,766196782,0
4297,766196783,0
4298,766196784,0
4299,766196785,0
4300,766196786,0
4301,766196787,0
4302,766196788,1
4303,766196789,1
4304,766196790,0
4305,766196791,0
4306,766196792,0
4307,766196793,0
4308,766196794,0
4309,766196795,0
4310,766196796,0
4311,766196797,0
4312,766196798,0
4313,766196799,1
4314,766196800,0
4315,766196801,0
4316,766196802,0
4317,766196803,0
4318,766196804,3
4319,766196805,0
4320,766196806,0
4321,766196807,0
4322,766196808,0
4323,766196809,0
4324,766196810,3
4325,766196811,0
4326,766196812,0
4327,766196813,3
4328,766196814,0
4329,766196815,3
4330,766196816,0
4331,766196817,0
4332,766196818,3
4333,766196819,0
4334,766196820,3
4335,766196821,3
4336,766196822,3
4337,766196823,0
4338,766196824,3
4339,766196825,3
4340,766196826,0
4341,766196827,0
4342,766196828,0
4343,766196829,0
4344,766196830,3
4345,766196831,0
4346,766196832,3
4347,766196833,3
4348,766196834,0
4349,766196835,0
4350,766196836,0
4351,766196837,3
4352,766196838,0
4353,766196839,3
4354,766196840,0
4355,766196841,0
4356,766196842,0
4357,766196843,0
4358,766196844,3
4359,766196845,3
4360,766196846,3
4361,766196847,3
4362,766196848,0
4363,766196849,3
4364,766196850,3
4365,766196851,0
4366,766196852,0
4367,766196853,0
4368,766196854,0
4369,766196855,0
4370,766196856,0
4371,766196857,3
4372,766196858,0
4373,766196859,0
4374,766196860,0
4375,766196861,0
4376,766196862,1
4377,766196863,0
4378,766196864,1
4379,766196865,0
4380,766196866,0
4381,766196867,0
4382,766196868,0
4383,766196869,0
4384,766196870,0
4385,766196871,1
4386,766196872,0
4387,766196873,0
4388,766196874,1
4389,766196875,0
4390,766196876,0
4391,766196877,0
4392,766196878,0
4393,766196879,0
4394,766196880,0
4395,766196881,2
4396,766196882,3
4397,766196883,0
4398,766196884,0
4399,766196885,3
4400,766196886,0
4401,766196887,0
4402,766196888,0
4403,766196889,0
4404,766196890,0
4405,766196891,0
4406,766196892,0
4407,766196893,0
4408,766196894,0
4409,766196895,0
4410,766196896,0
4411,766196897,0
4412,766196898,0
4413,766196899,0
4414,766196900,0
4415,766196901,0
4416,766196902,1
4417,766196903,0
4418,766196904,0
4419,766196905,0
4420,766196906,0
4421,766196907,0
4422,766196908,1
4423,766196909,1
4424,766196910,0
4425,766196911,0
4426,766196912,0
4427,766196913,0
4428,766196914,0
4429,766196915,1
4430,766196916,0
4431,766196917,0
4432,766196918,2
4433,766196919,1
4434,766196920,0
4435,766196921,0
4436,766196922,3
4437,766196923,0
4438,766196924,0
4439,766196925,0
4440,766196926,0
4441,766196927,0
4442,766196928,0
4443,766196929,0
4444,766196930,0
4445,766196931,0
4446,766196932,0
4447,766196933,0
4448,766196934,0
4449,766196935,0
4450,766196936,0
4451,766196937,0
4452,766196938,0
4453,766196939,0
4454,766196940,2
4455,766196941,0
4456,766196942,0
4457,766196943,1
4458,766196944,3
4459,766196945,0
4460,766196946,3
4461,766196947,0
4462,766196948,0
4463,766196949,0
4464,766196950,3
4465,766196951,0
4466,766196952,0
4467,766196953,0
4468,766196954,0
4469,766196955,0
4470,766196956,1
4471,766196957,0
4472,766196958,0
4473,766196959,0
4474,766196960,0
4475,766196961,1
4476,766196962,0
4477,766196963,0
4478,766196964,0
4479,766196965,0
4480,766196966,3
4481,766196967,0
4482,766196968,0
4483,766196969,0
4484,766196970,0
4485,766196971,0
4486,766196972,0
4487,766196973,0
4488,766196974,0
4489,766196975,0
4490,766196976,0
4491,766196977,3
4492,766196978,0
4493,766196979,0
4494,766196980,0
4495,766196981,0
4496,766196982,0
4497,766196983,0
4498,766196984,0
4499,766196985,2
4500,766196986,0
4501,766196987,0
4502,766196988,0
4503,766196989,0
4504,766196990,0
4505,766196991,0
4506,766196992,0
4507,766196993,0
4508,766196994,3
4509,766196995,0
4510,766196996,0
4511,766196997,0
4512,766196998,0
4513,766196999,3
4514,766197000,1
4515,766197001,0
4516,766197002,0
4517,766197003,0
4518,766197004,0
4519,766197005,0
4520,766197006,0
4521,766197007,0
4522,766197008,0
4523,766197009,0
4524,766197010,0
4525,766197011,0
4526,766197012,0
4527,766197013,0
4528,766197014,0
4529,766197015,0
4530,766197016,0
4531,766197017,0
4532,766197018,0
4533,766197019,0
4534,766197020,0
4535,766197021,0
4536,766197022,0
4537,766197023,0
4538,766197024,0
4539,766197025,0
4540,766197026,0
4541,766197027,0
4542,766197028,0
4543,766197029,0
4544,766197030,0
4545,766197031,0
4546,766197032,0
4547,766197033,0
4548,766197034,1
4549,766197035,3
4550,766197036,1
4551,766197037,3
4552,766197038,1
4553,766197039,0
4554,766197040,0
4555,766197041,1
4556,766197042,0
4557,766197043,2
4558,766197044,0
4559,766197045,2
4560,766197046,0
4561,766197047,3
4562,766197048,3
4563,766197049,0
4564,766197050,0
4565,766197051,0
4566,766197052,0
4567,766197053,0
4568,766197054,0
4569,766197055,3
4570,766197056,0
4571,766197057,0
4572,766197058,0
4573,766197059,0
4574,766197060,0
4575,766197061,0
4576,766197062,0
4577,766197063,0
4578,766197064,0
4579,766197065,0
4580,766197066,0
4581,766197067,0
4582,766197068,0
4583,766197069,0
4584,766197070,3
4585,766197071,0
4586,766197072,0
4587,766197073,1
4588,766197074,1
4589,766197075,3
4590,766197076,3
4591,766197077,0
4592,766197078,0
4593,766197079,0
4594,766197080,0
4595,766197081,0
4596,766197082,0
4597,766197083,0
4598,766197084,0
4599,766197085,2
4600,766197086,0
4601,766197087,1
4602,766197088,0
4603,766197089,1
4604,766197090,1
4605,766197091,0
4606,766197092,1
4607,766197093,3
4608,766197094,0
4609,766197095,3
4610,766197096,0
4611,766197097,0
4612,766197098,1
4613,766197099,0
4614,766197100,0
4615,766197101,3
4616,766197102,0
4617,766197103,0
4618,766197104,2
4619,766197105,0
4620,766197106,0
4621,766197107,0
4622,766197108,1
4623,766197109,3
4624,766197110,0
4625,766197111,0
4626,766197112,3
4627,766197113,0
4628,766197114,0
4629,766197115,0
4630,766197116,0
4631,766197117,0
4632,766197118,0
4633,766197119,0
4634,766197120,3
4635,766197121,0
4636,766197122,0
4637,766197123,0
4638,766197124,0
4639,766197125,0
4640,766197126,0
4641,766197127,0
4642,766197128,0
4643,766197129,3
4644,766197130,1
4645,766197131,0
4646,766197132,0
4647,766197133,3
4648,766197134,1
4649,766197135,0
4650,766197136,1
4651,766197137,1
4652,766197138,0
4653,766197139,0
4654,766197140,0
4655,766197141,0
4656,766197142,0
4657,766197143,0
4658,766197144,1
4659,766197145,1
4660,766197146,0
4661,766197147,1
4662,766197148,0
4663,766197149,0
4664,766197150,0
4665,766197151,0
4666,766197152,3
4667,766197153,0
4668,766197154,0
4669,766197155,0
4670,766197156,0
4671,766197157,0
4672,766197158,0
4673,766197159,3
4674,766197160,0
4675,766197161,0
4676,766197162,0
4677,766197163,0
4678,766197164,0
4679,766197165,3
4680,766197166,3
4681,766197167,0
4682,766197168,0
4683,766197169,0
4684,766197170,0
4685,766197171,0
4686,766197172,0
4687,766197173,1
4688,766197174,1
4689,766197175,0
4690,766197176,1
4691,766197177,1
4692,766197178,1
4693,766197179,2
4694,766197180,2
4695,766197181,0
4696,766197182,2
4697,766197183,0
4698,766197184,0
4699,766197185,0
4700,766197187,1
4701,766197188,1
4702,766197189,0
4703,766197190,1
4704,766197191,3
4705,766197192,0
4706,766197193,0
4707,766197194,3
4708,766197195,0
4709,766197196,0
4710,766197197,0
4711,766197198,0
4712,766197199,0
4713,766197200,0
4714,766197201,0
4715,766197202,0
4716,766197203,0
4717,766197204,3
4718,766197205,3
4719,766197206,3
4720,766197207,3
4721,766197208,0
4722,766197209,0
4723,766197210,0
4724,766197211,0
4725,766197212,0
4726,766197213,0
4727,766197214,3
4728,766197215,0
4729,766197216,0
4730,766197217,0
4731,766197218,0
4732,766197219,0
4733,766197220,0
4734,766197221,2
4735,766197222,0
4736,766197223,0
4737,766197224,0
4738,766197225,0
4739,766197226,0
4740,766197227,0
4741,766197228,0
4742,766197229,0
4743,766197230,1
4744,766197231,3
4745,766197232,3
4746,766197233,0
4747,766197234,0
4748,766197235,0
4749,766197236,0
4750,766197237,0
4751,766197238,1
4752,766197239,0
4753,766197240,0
4754,766197241,0
4755,766197242,3
4756,766197243,3
4757,766197244,0
4758,766197245,0
4759,766197246,0
4760,766197247,0
4761,766197248,0
4762,766197249,0
4763,766197250,0
4764,766197251,0
4765,766197252,0
4766,766197253,0
4767,766197254,3
4768,766197255,0
4769,766197256,0
4770,766197257,0
4771,766197258,0
4772,766197259,1
4773,766197260,0
4774,766197261,3
4775,766197262,0
4776,766197263,2
4777,766197264,0
4778,766197265,0
4779,766197266,0
4780,766197267,0
4781,766197268,3
4782,766197269,3
4783,766197270,3
4784,766197271,0
4785,766197272,0
4786,766197273,0
4787,766197274,0
4788,766197275,1
4789,766197276,3
4790,766197277,0
4791,766197278,0
4792,766197279,3
4793,766197280,3
4794,766197281,0
4795,766197282,0
4796,766197283,0
4797,766197284,0
4798,766197285,0
4799,766197286,0
4800,766197287,0
4801,766197288,0
4802,766197289,2
4803,766197290,0
4804,766197291,0
4805,766197292,0
4806,766197293,3
4807,766197294,0
4808,766197295,0
4809,766197296,0
4810,766197297,0
4811,766197298,0
4812,766197299,2
4813,766197300,0
4814,766197301,0
4815,766197302,0
4816,766197303,1
4817,766197304,0
4818,766197305,0
4819,766197306,1
4820,766197307,1
4821,766197308,0
4822,766197309,0
4823,766197310,0
4824,766197311,0
4825,766197312,0
4826,766197313,1
4827,766197314,0
4828,766197315,0
4829,766197316,0
4830,766197317,3
4831,766197318,0
4832,766197319,3
4833,766197320,0
4834,766197321,0
4835,766197322,0
4836,766197323,3
4837,766197324,1
4838,766197325,0
4839,766197326,0
4840,766197327,0
4841,766197328,0
4842,766197329,0
4843,766197330,0
4844,766197331,0
4845,766197332,0
4846,766197333,0
4847,766197334,0
4848,766197335,0
4849,766197336,0
4850,766197337,0
4851,766197338,0
4852,766197339,0
4853,766197340,0
4854,766197341,0
4855,766197342,1
4856,766197343,3
4857,766197344,1
4858,766197345,0
4859,766197346,0
4860,766197347,0
4861,766197348,0
4862,766197349,0
4863,766197350,0
4864,766197351,0
4865,766197352,0
4866,766197353,1
4867,766197354,0
4868,766197355,0
4869,766197356,0
4870,766197357,3
4871,766197358,0
4872,766197359,3
4873,766197360,0
4874,766197361,0
4875,766197362,0
4876,766197363,1
4877,766197364,0
4878,766197365,0
4879,766197366,0
4880,766197367,0
4881,766197368,0
4882,766197369,0
4883,766197370,0
4884,766197371,3
4885,766197372,0
4886,766197373,0
4887,766197374,0
4888,766197375,0
4889,766197376,0
4890,766197377,0
4891,766197378,1
4892,766197379,1
4893,766197380,0
4894,766197381,0
4895,766197382,0
4896,766197383,0
4897,766197384,0
4898,766197385,3
4899,766197386,3
4900,766197387,0
4901,766197388,0
4902,766197389,0
4903,766197390,0
4904,766197391,0
4905,766197392,0
4906,766197393,0
4907,766197394,0
4908,766197395,0
4909,766197396,0
4910,766197397,0
4911,766197398,0
4912,766197399,0
4913,766197400,3
4914,766197401,0
4915,766197402,0
4916,766197403,0
4917,766197404,3
4918,766197405,1
4919,766197406,0
4920,766197407,0
4921,766197408,1
4922,766197409,0
4923,766197410,1
4924,766197411,3
4925,766197412,0
4926,766197413,1
4927,766197414,0
4928,766197415,0
4929,766197416,1
4930,766197417,0
4931,766197418,0
4932,766197419,1
4933,766197420,0
4934,766197421,0
4935,766197422,2
4936,766197423,2
4937,766197424,0
4938,766197425,0
4939,766197426,0
4940,766197427,3
4941,766197428,0
4942,766197429,0
4943,766197430,3
4944,766197431,0
4945,766197432,0
4946,766197433,0
4947,766197434,3
4948,766197435,0
4949,766197436,0
4950,766197437,0
4951,766197438,3
4952,766197439,0
4953,766197440,0
4954,766197441,0
4955,766197442,0
4956,766197443,0
4957,766197444,0
4958,766197445,0
4959,766197446,2
4960,766197447,0
4961,766197448,0
4962,766197449,0
4963,766197450,0
4964,766197451,0
4965,766197452,0
4966,766197453,0
4967,766197454,0
4968,766197455,0
4969,766197456,3
4970,766197457,0
4971,766197458,0
4972,766197459,0
4973,766197460,0
4974,766197461,3
4975,766197462,0
4976,766197463,0
4977,766197464,0
4978,766197465,0
4979,766197466,0
4980,766197467,0
4981,766197468,0
4982,766197469,0
4983,766197470,0
4984,766197471,0
4985,766197472,0
4986,766197473,0
4987,766197474,0
4988,766197475,3
4989,766197476,1
4990,766197477,0
4991,766197478,0
4992,766197479,1
4993,766197480,0
4994,766197481,0
4995,766197482,0
4996,766197483,0
4997,766197484,0
4998,766197485,0
4999,766197486,3
